organizations_id,organizations_name,lat,lng,gmaps_id,address,country,website,organizations_disciplines_id,organizations_funder_id,partner_organizations_id,organizations_project_id
258191,الجامعة الألمانية بالقاهرة,29.986716,31.4414096,ChIJc76vv7I8WBQRbXKUYBEgcm4,"التجمع الثالث القاهرة الجديدة Al tagamoa, Egypt",Egypt,http://www.guc.edu.eg/,"30000,30400,30401",1,"247784,254912,255836,258101",198887
240197,Hawassa University,7.0510585,38.4970211,ChIJJ8qtEZNPsRcRWjRHGgEFkX0,"3F2W+CRC, Awassa, Ethiopia",Ethiopia,http://www.hu.edu.et/,"10000,10203",1,"248220,241078,240201,240198,1454,241077,244468,138287",147836
230492,Ifakara Health Institute (IHI),-6.7659369,39.2539683,ChIJ6zJ8xDZMXBgR1W72AezkwIw,"Kiko Ave, Dar es Salaam, Tanzania",Tanzania,http://www.ihi.or.tz/,"30000,30700,30712,30900,30911",1,"255370,230561,46154,3448,238405,51863,240143,253076,242873,246379,244222,252930","146896,160373,183760"
255913,ECREEE Headquarters,14.9071325,-23.5149586,ChIJ250Fv_GYNQkRmP-3zVjEzl8,"Av. OUA C.P. 288, Praia, Cape Verde",Cape Verde,http://www.ecreee.org/,"20000,20500,20511",1,"254738,252019,257942,257941,1743,255915,255914",193649
247339,WOMEN’S RIGHT TO EDUCATION PROGRAMME,8.9984456,7.4711008,ChIJVVVVBPIMThAR_bhTyKCGRlw,"Suites D1-D4, 3rd Floor AMWAR Plaza,near Gudu Market Junction Gudu District, Apo Roundabout, Garki, Abuja, Nigeria",Nigeria,http://wrepnig.org/,"10000,10201,10202",1,"253750,247340,77288,239617,239717,244869,242757",171176
255914,Energy Commission,5.5979975,-0.1828841,ChIJqwtORfma3w8RjHLzeKJ1B9Y,"Ghana Airways Ave, Accra, Ghana",Ghana,http://www.energycom.gov.gh/,"20000,20500,20511",1,"254738,252019,257942,257941,1743,255915,255913",193649
1081,FiBL - Research Institute of Organic Agriculture,47.516939,8.025083,ChIJV2J9KrZHkEcRH1IKjqoKSH4,"Ackerstrasse 113, 5070 Frick, Switzerland",Switzerland,http://www.fibl.org/,"30000,30200,30205,20000,20700,20701",1,"239726,239727,242484,239725,240683,246229,261195,241626,82651,241507,249786,241905,241509,240705,242770,241698,241606,243039,232147,239916,244425,231018,241521,58847,256461,234120,216418","147278,152017,152224,160904,177582,177584,194252"
238063,University of Neuchâtel,46.9938549,6.9387031,ChIJV1NCwhAKjkcRfAeyqgbpmqs,"Av. du Premier-Mars 26, 2000 Neuchâtel, Switzerland",Switzerland,https://www.unine.ch/,"30000,30200,30209",1,"107132,242551,241614,241626,241617,241619,241624,241621,242552,1447","152154,177583"
239727,CSIR WATER RESEARCH INSTITUTE AKOSOMBO,6.280719299999999,0.05383590000000001,ChIJM1d9H4qpIBARY62q4wviQW4,"Asuogyaman-Atimpoku Rd, Akosombo, Ghana",Ghana,NA,"30000,30200,30205",1,"1081,239726,242484,239725,240683,246229",147278
241507,International Institute Tropicsl Agriculture,7.4492095,3.906931499999999,ChIJO4p9EmLtORARTOenAOdVAjQ,"Sango-Ojoo Road, 200132, Ibadan, Nigeria",Nigeria,NA,"20000,20700,20701",1,"261195,241626,82651,249786,241905,241509,240705,1081,242770,241521,58847","152017,177584"
240143,School of Public Health,5.636787399999999,-0.1826353,ChIJe22ykXmb3w8RDSXT1frkKcc,"JRP8+PW9, Accra, Ghana",Ghana,http://publichealth.ug.edu.gh/,"30000,30900,30911",1,"3448,238405,230492,51863,253076,242873,246379,244222,252930","160373,183760"
244432,Public Health Building,7.3999819,3.9024458,ChIJAQAQCV6NORARPhsqlyfHl6M,"University College Hospital, Ibadan, Nigeria",Nigeria,NA,"10000,10105,10104",1,"105908,244433,245880,255672,95106",160910
249786,UFR Biosciences,5.3445323,-3.9899554,ChIJ0RvgBanrwQ8RsydjorcL0-I,"C 47, Abidjan, Côte d’Ivoire",NA,NA,"20000,20700,20701",1,"261195,241626,82651,241507,241905,241509,240705,1081,242770,241521,58847","152017,177584"
254366,Université Alassane Ouattara,7.6864226,-5.0667005,ChIJB5uTt6MAuA8RlQHyw9oUp0w,"BP V 18 01, Bouaké, Côte d’Ivoire",NA,http://www.univ-ao.edu.ci/,"10000,10201",1,"6113,218329,3081,251085",160929
246712,Wits Parktown Education Campus,-26.1774306,28.0449097,ChIJYTW_0D8MlR4RCt8veT-G3q8,"27 St Andrews Rd, Parktown, Johannesburg, 2193, South Africa",South Africa,http://www.wits.ac.za/education/,"10000,10105,10104",1,"232714,224152,246710,248110,246713,256301,255712","169470,194006"
244446,Universidad del Valle de Guatemala,14.603762,-90.48924799999999,ChIJb19HkamjiYUR8HVUR-FC7T0,"18 Avenida 11-95 Guatemala, 01015, Guatemala",Guatemala,http://www.uvg.edu.gt/,"30000,30800,30812",1,"252930,229553,229552",160919
210259,Interdisziplinäres Zentrum für Geschlechterforschung,46.9557412,7.4356334,ChIJg6Qjjb45jkcR0ieyN-hOczw,"Mittelstrasse 43, 3012 Bern, Switzerland",Switzerland,http://www.izfg.unibe.ch/,"10000,10403,10206,10201,10202",1,"5425,241595,240145,240146,239685,51620,230255,240943,253750,249796,229363,246778,249519,246127,242757,244502,242143,242779,128528,255125","147725,152034,171191,177591"
256461,Tea Research Institute of Sri Lanka,6.914677999999999,80.70579099999999,ChIJtUQq7AmE4zoRGmfNvF2UYoM,"St. Coombs, Talawakelle 22100, Sri Lanka",Sri Lanka,http://www.tri.lk/,"20000,20700,20701",1,"261195,234120,1081,216418,242770",194252
239726,Global Communities,5.6352325,-0.1695083,ChIJY3HYdmib3w8R_aRJXEsJ86A,"Tripoli St, Accra, Ghana",Ghana,http://globalcommunitiesgh.org/,"30000,30200,30205",1,"1081,239727,242484,239725,240683,246229",147278
246742,Carrera de Física-UMSA,-16.538422,-68.0684727,ChIJG6N6NUYhX5ERc-s-vBrKyJI,"Calle 27, La Paz, Bolivia",Bolivia,http://fiumsa.edu.bo/,"20000,20700,20704",1,"1758,239744,239679,240686,48278,212842",147320
240943,Centre for Development and Environment,46.9557933,7.4356788,ChIJVT-GkL05jkcRBVnXQeFm02E,"Mittelstrasse 43, 3012 Bern, Switzerland",Switzerland,http://www.cde.unibe.ch,"10000,10403,10206,30000,30200,30206",1,"5425,241595,240145,240146,239685,51620,210259,230255,242779,233998,1758,259072,234643,231596,258775,255714,53632,249581,238076,260171,226387,128528,260169,255857,252868","147725,152033,152167,171191,177585,177592"
240131,African Center for Economic Transformation,5.610498499999999,-0.2128891,ChIJq9CFKZ2Q3w8R6LPKk6NVVtk,"12 Yiyiwa Rd, Accra, Ghana",Ghana,http://acetforafrica.org/,"10000,10203",1,"244611,247342,247343,126726,5945","147718,171177"
255915,Accra Metropolitan Assembly,5.5427713,-0.2062746,ChIJHYm-zb-Q3w8RNPVlTf3YN9g,"Asafoatse Nettey Rd, Accra, Ghana",Ghana,https://ama.gov.gh/,"20000,20500,20511",1,"254738,252019,257942,257941,1743,255914,255913",193649
249867,Cocogreen Coco Technologies Corporation,14.6745423,121.0141384,ChIJW0Wu1MC2lzMRAkXUBNP3u9Q,"275, 1106 Quirino Hwy, Quezon City, Metro Manila, Philippines",Philippines,http://cocotech.com.ph/,"20000,20500,20505",1,"224160,250819,240694,240700,230309,230519",147330
234120,University of Peradeniya,7.256592899999999,80.5966093,ChIJa_mumdJo4zoRndOgClJjblQ,"University of Peradeniya, Sri Lanka",Sri Lanka,NA,"20000,20700,20701",1,"261195,256461,1081,216418,242770",194252
240694,Visayas State University,10.7459726,124.7945823,ChIJAdcqiECXBzMRn7eZK7piUp8,"Pangasugan, Baybay City, 6521 Leyte, Philippines",Philippines,http://www.vsu.edu.ph/,"20000,20500,20505,20510",1,"224160,250819,249867,240700,230309,230519,249685,249686,249687,250818,139587,227694","147330,177480"
257614,University of Lausanne,46.5210895,6.5801606,ChIJubx18aoxjEcRKKylyWpyNgk,"1015 Lausanne, Switzerland",Switzerland,http://www.unil.ch/,"10000,10105,10605",1,"6101,249556,259099,249557",177295
239725,Biotech Concepts GmbH,47.4024416,8.4985514,ChIJExiOT6wLkEcR9IujcTwWxOA,"Regensdorferstrasse 5, 8049 Zürich, Switzerland",Switzerland,http://www.biotech-concepts.com/,"30000,30200,30205",1,"1081,239726,239727,242484,240683,246229",147278
59659,Schweizer Institut für Sucht- und Gesundheitsforschung (ISGF),47.38085299999999,8.535741999999999,ChIJAXAJiw4KkEcReLJP0-wOZJw,"Konradstrasse 32, 8005 Zürich, Switzerland",Switzerland,https://www.isgf.ch/,"10000,10105,10605",1,"256335,220528,230792",194093
230255,University of Bern,46.9504896,7.438119,ChIJDWEotJ85jkcRRP-8NWlTN-E,"Hochschulstrasse 6, 3012 Bern, Switzerland",Switzerland,https://www.unibe.ch/,"10000,10403,10206,30000,30200,30207,30206,10203",1,"233998,239634,243072,239633,5425,241595,240145,240146,239685,51620,210259,240943,242779,1758,259072,234643,231596,107132,242777,259082,241649,230460,243041,241567,242776,242775,132490,259649,258775,255714,53632,249581,238076,260171,226387,244869,51863,246716,246740,244502,249519,234336,128528,243768,260169,255857,252868","146875,147725,152033,152085,152167,169564,171191,177585,177588,177592,194008"
251123,USI Università della Svizzera italiana,46.0107081,8.9581559,ChIJwwabNpgthEcRCUtLfZifj2E,"Via Giuseppe Buffi 13, 6900 Lugano, Switzerland",Switzerland,https://www.usi.ch/,"30000,30900,30911",1,"243760,246127,261323,256806,257165,261322,243793,246267,246117",160366
135442,Swiss Federal Institute of Technology Lausanne,46.5190557,6.5667576,ChIJP6Ls3f0wjEcRcrKTf6s0zLs,"Rte Cantonale, 1015 Lausanne, Switzerland",Switzerland,https://www.epfl.ch/,"30000,30100,30101",1,256147,193915
1454,Faculty Of Science Company,46.1952445,6.1395198,ChIJ_yjtk9V6jEcRy3hLEksXCpY,"Uni Mail, Bd du Pont-d'Arve 40, 1205 Genève, Switzerland",Switzerland,http://www.unige.ch/sciences-societe,"10000,10203",1,"248220,241078,240201,240198,240197,241077,244468,138287",147836
6113,Faculty Of Science Sociales Et Politiques,46.5265728,6.5794921,ChIJi7zEMKkxjEcRBTbb-kFIEFg,"1022 Chavannes-près-Renens, Switzerland",Switzerland,http://www.unil.ch/ssp/,"10000,10105,10201",1,"240710,239665,245453,253616,218329,254366,3081,251085,247359,232184","146955,160929,171188"
132490,University of Bern,46.9504896,7.438119,ChIJDWEotJ85jkcRRP-8NWlTN-E,"Hochschulstrasse 6, 3012 Bern, Switzerland",Switzerland,https://www.unibe.ch/,"30000,30200,30207",1,"107132,242777,259082,241649,230460,243041,241567,242776,242775,230255,242779,259649",152085
221664,Swiss Federal Institute of Technology Lausanne,46.5190557,6.5667576,ChIJP6Ls3f0wjEcRcrKTf6s0zLs,"Rte Cantonale, 1015 Lausanne, Switzerland",Switzerland,https://www.epfl.ch/,"30000,30200,30206",1,"261067,243035,223117,241513,242672,242668,242667,227440,230163,220082",177587
90107,Eidg. Forschungsanstalt Agroscope Reckenholz-Tänikon (ART),47.4289176,8.5163584,ChIJi-EqC94KkEcR1GKO8rRappQ,"Reckenholzstrasse 191, 8046 Zürich, Switzerland",Switzerland,http://www.agroscope.admin.ch/,"20000,20700,20709,30000,30200,30205",1,"259342,238601,249487,249683,249681,249682,230309,249703","147314,177346,177481"
249672,Institute of Astronomy and Geophysics,47.92120449999999,106.9542446,ChIJ47WfwB-Sll0RxmGQiu6WEAs,"WXC3+FMQ, Ulaanbaatar, Mongolia",Mongolia,NA,"20000,20800,20802",1,"32840,249671,2192,249670",177474
255827,Happy Togo,47.4111372,8.5333509,ChIJgU6Zj4sKkEcR6O8wr4zTHcA,"Affolternstrasse 140, 8050 Zürich, Switzerland",Switzerland,https://www.happytogo.ch/,"30000,30200,30205",1,"227440,230163,255826,261195",193032
107132,CABI Europe Switzerland,47.3730778,7.3248915,ChIJS1JenJ3okUcRZj9VU5uUX74,"Rue des Grillons 1, 2800 Delémont, Switzerland",Switzerland,https://yellow.local.ch/d/aTSG-S2-vGvHnQH2Tubz-g,"30000,30200,30207,30209",1,"242777,259082,241649,230460,243041,241567,242776,242775,230255,242779,132490,259649,242551,238063,241614,241626,241617,241619,241624,241621,242552,1447,243768,233998","152085,152154,177583,177588"
6700,Ethnographic Museum of the University of Zurich,47.370881,8.534587,ChIJg5HE6QMKkEcR-m6y43Djh2w,"Pelikanstrasse 40, 8001 Zürich, Switzerland",Switzerland,http://www.musethno.uzh.ch/,"10000,10403",1,"239729,6684",147350
245881,Universidad Nacional de Colombia,4.6381938,-74.08404639999999,ChIJO8FDSdGbP44RsPaffWYw5T0,"Cra 45, Bogotá, Colombia",Colombia,http://unal.edu.co/,"20000,20500,20502",1,"242011,244440,245509,228142,218004",160914
243760,Hug Medicine Tropicale Et Humanitaire,46.1939998,6.1487304,ChIJ_axHbtJ6jEcRobdy4NLhwgM,"Rue Gabrielle-Perret-Gentil 6, 1205 Genève, Switzerland",Switzerland,https://www.hug-ge.ch/medecine-tropicale-humanitaire,"30000,30900,30911",1,"246127,261323,256806,257165,261322,243793,246267,246117,251123",160366
229552,Swiss Tropical And Public Health Institute,47.55592780000001,7.577431699999999,ChIJMQKj8wC5kUcRjBRGaJHolw0,"Socinstrasse 57, 4051 Basel, Switzerland",Switzerland,https://www.swisstph.ch/de/,"30000,30800,30812,30900,30911,10000,10201,10602",1,"252930,229553,244446,3448,246703,244398,246705,246704,51863,857,249632,249633,35073,5530,261321,244402","160919,169461,177385,194003"
248110,Ethiopian Institute of Technology Mekelle,13.4810249,39.4860632,ChIJ04mRsTL9ahYR55UeMsX6iTE,"FFJP+CC4, Mek'ele, Ethiopia",Ethiopia,NA,"10000,10105,10104",1,"232714,246712,224152,246710,246713,256301,255712","169470,194006"
5530,University of Fribourg,46.806357,7.152006,ChIJVbSPbjJpjkcRGdtTo-6IwUw,"Av. de l'Europe 20, 1700 Fribourg, Switzerland",Switzerland,https://www.unifr.ch/home/en/,"10000,10201,10602",1,"857,249632,249633,35073,229552,261321",177385
234054,Chulalongkorn University,13.7382832,100.5324698,ChIJP2Izriqf4jARkyA8pkMGHkI,"254 Phayathai Rd, Wang Mai, Pathum Wan District, Bangkok 10330, Thailand",Thailand,https://www.chula.ac.th/,"10000,10201,10202",1,"242534,82651,245860,130853,248698",160867
252326,Haute École de travail social et de la santé,46.5409336,6.648158,ChIJaQx4mmwujEcR2lGTqqiNJdw,"Chem. des Abeilles 14, 1010 Lausanne, Switzerland",Switzerland,https://www.hetsl.ch/,"10000,10201",1,"27349,249560,251684,249562",177296
234643,Geneva Academy Of International Humanitarian Law And Human Rights,46.2197263,6.150741099999999,ChIJe0QHOhlljEcRff8Sc6ks8x4,"Rue de Lausanne 120B, 1202 Genève, Switzerland",Switzerland,http://www.geneva-academy.ch/,"10000,10403,10206",1,"242779,233998,1758,5425,230255,259072,240943,231596","152033,177585"
224160,"Berner Fachhochschule BFH, Architektur, Holz und Bau",47.1586997,7.2762495,ChIJFfpEg90ejkcRjjSH_fhkqCg,"Solothurnstrasse 102, 2500 Biel, Switzerland",Switzerland,http://www.bfh.ch/ahb,"20000,20500,20505,20510",1,"250819,249867,240694,240700,230309,230519,249685,249686,249687,250818,139587,227694","147330,177480"
243041,Kenya Agricultural Research Institute - Headquarters,-1.2593453,36.7508756,ChIJuSP-j7wZLxgRRh_H7blgeAk,"Nairobi, Kenya",Kenya,NA,"30000,30200,30207",1,"107132,242777,259082,241649,230460,241567,242776,242775,230255,242779,132490,259649",152085
246703,University of Health and Allied Sciences,6.6032343,0.4758539,ChIJtxe_JislJxAREm2PNasvMqc,"UHAS Main Campus at Sokode-Lokoe PMB 31, Ho, Ghana",Ghana,https://www.uhas.edu.gh/,"30000,30900,30911",1,"3448,244398,246705,246704,51863,229552,244402","169461,194003"
240145,International Centre for Tropical Agriculture (CIAT),-1.9434874,30.0897064,ChIJX5HAKuum3BkRMVwaOwceUT4,"KG 563 St, Kigali, Rwanda",Rwanda,http://www.ciat.cgiar.org/,"10000,10403,10206",1,"5425,241595,240146,239685,51620,210259,230255,240943,242779,128528","147725,171191"
249685,"Berner Fachhochschule BFH, Hochschule für Agrar-, Forst- und Lebensmittelwissenschaften HAFL",46.99138019999999,7.4674485,ChIJDfA94XI6jkcRvxKgu1lMdHk,"Länggasse 85, 3052 Zollikofen, Switzerland",Switzerland,https://www.bfh.ch/hafl,"20000,20500,20510",1,"224160,250819,240694,249686,249687,250818,139587,227694",177480
253398,Swiss Tropical And Public Health Institute,47.55592780000001,7.577431699999999,ChIJMQKj8wC5kUcRjBRGaJHolw0,"Socinstrasse 57, 4051 Basel, Switzerland",Switzerland,https://www.swisstph.ch/de/,"30000,30900,30911",1,"249588,249587",177319
236544,ETH Zürich,47.37638889999999,8.547628,ChIJ94xuUaagmkcRB3Y3tij0YUs,"Rämistrasse 101, 8092 Zürich, Switzerland",Switzerland,https://ethz.ch/de.html,"10000,10201,10202",1,"236390,121316,239715,239702,247315,239765,239716,216945",171175
233813,ETH Zürich,47.37638889999999,8.547628,ChIJ94xuUaagmkcRB3Y3tij0YUs,"Rämistrasse 101, 8092 Zürich, Switzerland",Switzerland,https://ethz.ch/de.html,"10000,10201,10202",1,"236390,121316,247315,239702,239705,239716,239715,216945",147210
247644,Section Des Sciences Pharmaceutiques,46.1944338,6.1507364,ChIJizDgySx7jEcReBkxJry3TM0,"Rue Michel-Servet 1, 1206 Genève, Switzerland",Switzerland,https://ispso.unige.ch/,"30000,30300,30306",1,"257337,244453",160923
246772,Casa Fernando Vives (ILADES) - Universidad Alberto Hurtado,-33.444501700000004,-70.6622488,ChIJhdWRcanFYpYRqLyI7TNiUXI,"Erasmo Escala 1801-1875, Santiago, Región Metropolitana, Chile",Chile,http://fen.uahurtado.cl/,"10000,10203",1,"256297,247889,246771,51863,244372,244279,139779","169632,194005"
244502,"The Graduate Institute, Geneva (IHEID)",46.2209088,6.1436432,ChIJJ5vlO-JkjEcRuRHZyflX0XU,"Chem. Eugène-Rigot 2A, 1202 Genève, Switzerland",Switzerland,http://graduateinstitute.ch/,"10000,10201,10202,10203",1,"253750,249796,229363,246778,249519,210259,246127,242757,242143,244869,51863,230255,246716,246740,234336,255125","152034,169564,177591,194008"
247784,Section Des Sciences Pharmaceutiques,46.1944338,6.1507364,ChIJizDgySx7jEcReBkxJry3TM0,"Rue Michel-Servet 1, 1206 Genève, Switzerland",Switzerland,https://ispso.unige.ch/,"30000,30400,30401",1,"254912,258191,255836,258101",198887
239099,Unisanté | Pharmacie,46.5248551,6.6409793,ChIJubgAbywvjEcRZPfYg7-qfqA,"Rue du Bugnon 44 - Accès Urgences 05, 1011 Lausanne, Switzerland",Switzerland,https://www.unisante.ch/fr/centre-medical,"10000,10203",1,"247661,245028,243806,245029,243804,243807,7411,23069,236331","160374,183759"
1758,Geographisches Institut,46.9527378,7.435243199999999,ChIJQe1GkL05jkcRZqPBJdo9Gr0,"Hallerstrasse 12, 3012 Bern, Switzerland",Switzerland,https://www.geography.unibe.ch/,"20000,20700,20704,10000,10403,10206",1,"239744,239679,240686,48278,246742,212842,242779,233998,5425,230255,259072,234643,240943,231596","147320,152033,177585"
51863,ETH Zürich,47.37638889999999,8.547628,ChIJ94xuUaagmkcRB3Y3tij0YUs,"Rämistrasse 101, 8092 Zürich, Switzerland",Switzerland,https://ethz.ch/de.html,"30000,30900,30911,10000,10201,10202,10203",1,"3448,238405,230492,240143,253076,242873,246379,244222,244410,241097,253594,246703,244398,246705,246704,229552,244869,230255,246716,246740,244502,249519,234336,256297,247889,246771,246772,244372,244279,139779,252930,244402","160373,160897,169461,169564,169632,183760,194003,194005,194008"
259342,Agroscope (Reckenholz),47.4288427,8.5166053,ChIJBzY54N0KkEcRcJ7oDAbc1O8,"Reckenholzstrasse 191, 8046 Zürich, Switzerland",Switzerland,https://www.agroscope.admin.ch/,"20000,20700,20709,30000,30200,30205",1,"238601,90107,249487,249683,249681,249682,230309,249703","147314,177346,177481"
223117,"Institute for environmental engineering, ETH Zurich",47.40835209999999,8.510176999999999,ChIJ57t3elUKkEcRxlnFV7YTDgA,"John-von-Neumann-Weg 9, 8049 Zürich, Switzerland",Switzerland,http://www.ifu.ethz.ch/,"30000,30200,30206",1,"261067,242668,241513,243035,242672,242667,242666,242661,210229,220082,230163,221664,227440","152019,177587"
249683,National Centre For Reptile Welfare,51.2216391,0.3251283,ChIJf0zUQNRJ30cRUEIXydJrHhQ,"Ashes Ln, Tonbridge TN11 0AN, United Kingdom",United Kingdom,http://www.ncrw.org.uk/,"30000,30200,30205",1,"249487,259342,249681,90107,249682",177346
230075,SUPSI - Dipartimento ambiente costruzioni e design (DACD),45.8705281,8.9790066,ChIJeZSNvGsyhEcRTFHcyWffL0A,"Via Flora Ruchat-Roncati 23, 6850 Mendrisio, Switzerland",Switzerland,http://www.supsi.ch/dacd,"20000,20500,20506",1,"245879,245878,244428",160906
244869,"The Graduate Institute, Geneva (IHEID)",46.2209088,6.1436432,ChIJJ5vlO-JkjEcRuRHZyflX0XU,"Chem. Eugène-Rigot 2A, 1202 Genève, Switzerland",Switzerland,http://graduateinstitute.ch/,"10000,10201,10202,10203",1,"253750,239617,77288,96722,242757,238900,51863,230255,246716,246740,244502,249519,234336,247340,247339,239717","146777,169564,171176,194008"
240686,National Service of Meteorology and Hydrology,-16.5023763,-68.1314644,ChIJC1e7q3ogX5ERvLzQdA6Tb94,"Reyes Ortiz 41, La Paz 10993, Bolivia",Bolivia,http://www.senamhi.gob.bo/,"20000,20700,20704",1,"1758,239744,239679,48278,246742,212842",147320
246267,Faculty Of Science Company,46.1952445,6.1395198,ChIJ_yjtk9V6jEcRy3hLEksXCpY,"Uni Mail, Bd du Pont-d'Arve 40, 1205 Genève, Switzerland",Switzerland,http://www.unige.ch/sciences-societe,"30000,30900,30911",1,"243760,246127,261323,256806,257165,261322,243793,246117,251123",160366
236390,ETH Zürich,47.37638889999999,8.547628,ChIJ94xuUaagmkcRB3Y3tij0YUs,"Rämistrasse 101, 8092 Zürich, Switzerland",Switzerland,https://ethz.ch/de.html,"10000,10201,10202",1,"121316,247315,239702,239705,239716,239715,216945,233813,239765,236544","147210,171175"
226387,ETH Zürich,47.37638889999999,8.547628,ChIJ94xuUaagmkcRB3Y3tij0YUs,"Rämistrasse 101, 8092 Zürich, Switzerland",Switzerland,https://ethz.ch/de.html,"30000,30200,30206",1,"258775,242779,255714,240146,53632,249581,238076,240943,230255,260171,260169,255857,252868","152167,177592"
244453,AIRC - Universitas Airlangga,-7.2701733,112.7866906,ChIJB8-TBiL61y0RPi3i9EdsrmA,"Jl. Dharmahusada Permai No.1, Mulyorejo, Kec. Mulyorejo, Kota SBY, Jawa Timur 60115, Indonesia",Indonesia,http://airc.unair.ac.id/,"30000,30300,30306",1,"257337,247644",160923
240146,National University of Laos,18.0369375,102.6350625,ChIJK53LtjhdJDERSdAhJQPIM9k,"2JPP+Q2, Don Noun, Laos",Laos,http://www.nuol.edu.la/,"10000,10403,10206,30000,30200,30206",1,"5425,241595,240145,239685,51620,210259,230255,240943,258775,242779,255714,53632,249581,238076,260171,226387,128528,260169,255857,252868","147725,152167,171191,177592"
257165,Hôpitaux Universitaires de Genève (HUG),46.19331469999999,6.1490487,ChIJbcOgE9J6jEcRQcQIwduaFnE,"Rue Gabrielle-Perret-Gentil 4, 1205 Genève, Switzerland",Switzerland,http://www.hug-ge.ch/,"30000,30900,30911",1,"243760,246127,261323,256806,261322,243793,246267,246117,251123",160366
255125,"The Graduate Institute, Geneva (IHEID)",46.2209088,6.1436432,ChIJJ5vlO-JkjEcRuRHZyflX0XU,"Chem. Eugène-Rigot 2A, 1202 Genève, Switzerland",Switzerland,http://graduateinstitute.ch/,"10000,10201,10202",1,"253750,249796,249519,246778,210259,242143,242757,244502",177591
239633,Practical Action in Eastern Africa,-1.2793988,36.8105439,ChIJI2izMDMXLxgRqZJWHFi4CkU,"P. O .Box 39493, Nairobi, Kenya",Kenya,http://www.practicalaction.org/,"10000,10403,10206",1,"230255,233998,239634,243072",146875
71203,ICIMOD,27.64645,85.323476,ChIJU-cSA3AX6zkRzFidze4aHLc,"Lalitpur 44700, Nepal",Nepal,https://www.icimod.org/,"30000,30200,30207",1,"71,259072,250814",177386
245880,University of The Western Cape,-33.9335226,18.6279539,ChIJTTafFwlQzB0RXNg3hjlphAM,"University of The Western Cape, Erica Twp, Cape Town, South Africa",South Africa,NA,"10000,10105,10104",1,"105908,244433,244432,255672,95106",160910
241606,School of Agricultural Sciences,-15.3948318,28.334765,ChIJT75aIXCLQBkRL3S9Jidwjqs,"J84M+3W6, Lusaka, Zambia",Zambia,http://www.unza.zm/,"30000,30200,30205",1,"1081,241698,242484,243039,232147,231018","152224,177582"
241567,Kenya Forestry Research Institute (Kefri)-Karura,-1.259837,36.839378,ChIJdRbbZjEXLxgRjLxDMnmjXFI,"Mobil Plaza, Kiambu Rd, Nairobi, Kenya",Kenya,NA,"30000,30200,30207",1,"107132,242777,259082,241649,230460,243041,242776,242775,230255,242779,132490,259649,243768,233998","152085,177588"
241614,Université d'Abomey Calavi,6.413202399999999,2.3123031,ChIJfwKQjoGpJBARfxlYycmDgo4,"Godomey, Benin",Benin,http://www.uac.bj/,"30000,30200,30209",1,"107132,242551,238063,241626,241617,241619,241624,241621,242552,1447","152154,177583"
232714,University of Education Zurich,47.3776241,8.5346572,ChIJTythk66gmkcRuOvvXWxmIA8,"Lagerstrasse 2, 8090 Zürich, Switzerland",Switzerland,https://phzh.ch/,"10000,10105,10104",1,"246712,224152,246710,248110,246713,256301,255712","169470,194006"
218004,Swiss Federal Institute of Technology Lausanne,46.5190557,6.5667576,ChIJP6Ls3f0wjEcRcrKTf6s0zLs,"Rte Cantonale, 1015 Lausanne, Switzerland",Switzerland,https://www.epfl.ch/,"20000,20500,20502",1,"242011,244440,245881,245509,228142",160914
241617,"CAB International West Africa Centre, Ghana",5.5977907,-0.1856575,ChIJB2fUx_ia3w8R-D4PsU-6610,"HRX7+4P8, Accra, Ghana",Ghana,http://www.cabi.org/,"30000,30200,30209",1,"107132,242551,238063,241614,241626,241619,241624,241621,242552,1447","152154,177583"
48578,ETH Zürich,47.37638889999999,8.547628,ChIJ94xuUaagmkcRB3Y3tij0YUs,"Rämistrasse 101, 8092 Zürich, Switzerland",Switzerland,https://ethz.ch/de.html,"10000,10403,10206",1,"239601,255903,246690,242451","169430,194004"
257337,Stragen Pharma SA,46.1679333,6.1070723,ChIJPUaIyNV6jEcR9ZHJav48mm4,"Chem. du Pré-Fleuri 3, 1228 Plan-les-Ouates, Switzerland",Switzerland,https://www.stragen.ch/,"30000,30300,30306",1,"247644,244453",160923
51620,Institut de recherche des Nations unies pour le développement social,46.2242697,6.139745,ChIJe_0MgORkjEcRG-_xidibZlk,"Av. de la Paix 8, 1202 Genève, Switzerland",Switzerland,http://www.unrisd.org/,"10000,10403,10206",1,"5425,241595,240145,240146,239685,210259,230255,240943",147725
58847,Department of Evolutionary Biology and Environmental Studies,47.397823699999996,8.549510999999999,ChIJg4d8FoALkEcRhxsR1wp8ZBI,"Winterthurerstrasse 190, 8057 Zürich, Switzerland",Switzerland,https://www.ieu.uzh.ch/en.html,"20000,20700,20701",1,"261195,241509,241507,241905,241521,82651,241626,1081,240705,249786,242770",177584
216945,Lamont-Doherty Earth Observatory,41.0035658,-73.9090525,ChIJ-W2YB2vswokR9aKsvb9E8k8,"61 Rte 9W, Palisades, NY 10964, United States",United States,http://www.ldeo.columbia.edu/,"10000,10201,10202",1,"236390,121316,247315,239702,239705,239716,239715,233813,239765,236544","147210,171175"
238405,"SUPSI - Dipartimento economia aziendale, sanità e sociale (DEASS) - Palazzo E",46.0300213,8.9205513,ChIJR0n3vpUyhEcRsY_Wk8B0Gs0,"Via Cantonale 16E, 6928 Manno, Switzerland",Switzerland,http://www.supsi.ch/deass,"30000,30900,30911",1,"3448,230492,51863,240143,253076,242873,246379,244222,252930","160373,183760"
244440,ZHAW School of Engineering,47.4972707,8.7293674,ChIJ362Mx52ZmkcRbgIs9lK39f0,"Technikumstrasse 9, 8401 Winterthur, Switzerland",Switzerland,https://www.zhaw.ch/engineering,"20000,20500,20502",1,"242011,245881,245509,228142,218004",160914
261323,Faculty of Medicine EMU,-25.9680247,32.5873073,ChIJPSApxaib5h4RP6CUaitvBL4,"2HJP+QWV, Maputo, Mozambique",Mozambique,http://www.med.uem.mz/,"30000,30900,30911",1,"243760,246127,256806,257165,261322,243793,246267,246117,251123",160366
82651,Center Swiss Research Scientifiques En Côte D'ivoire,5.3374443,-4.1398381,ChIJPbDEABnBwQ8RQGGIeGJgdm8,"17 Rte de Dabou, Abidjan, Côte d’Ivoire",NA,http://www.csrs.ch/,"20000,20700,20701,10000,10201,10202",1,"261195,241626,241507,249786,241905,241509,240705,1081,242770,242534,245860,130853,234054,248698,241521,58847","152017,160867,177584"
244222,"SUPSI - Dipartimento economia aziendale, sanità e sociale (DEASS) - Palazzo E",46.0300213,8.9205513,ChIJR0n3vpUyhEcRsY_Wk8B0Gs0,"Via Cantonale 16E, 6928 Manno, Switzerland",Switzerland,http://www.supsi.ch/deass,"30000,30900,30911",1,"3448,238405,230492,51863,240143,253076,242873,246379",160373
3448,Swiss Tropical And Public Health Institute,47.55592780000001,7.577431699999999,ChIJMQKj8wC5kUcRjBRGaJHolw0,"Socinstrasse 57, 4051 Basel, Switzerland",Switzerland,https://www.swisstph.ch/de/,"30000,30900,30912,30911,30700,30712",1,"239729,228591,252930,239730,238405,230492,51863,240143,253076,242873,246379,244222,249624,244376,255304,256886,255694,244377,246703,244398,246705,246704,229552,244402","147286,160373,160876,169461,183760,194003"
6686,Asien-Orient-Institut Universität Zürich,47.372639,8.5509564,ChIJg0zi-K6gmkcROA01Ep1B_Ug,"Zürichbergstrasse 4, 8032 Zürich, Switzerland",Switzerland,http://www.aoi.uzh.ch/islamwissenschaft.html,"10000,10200,10503",1,"256272,256273",193980
247342,Geneva School of Business Administration - University of Applied Sciences Western Switzerland,46.17551659999999,6.1388665,ChIJLRpD2uB6jEcR4iK7T6ydYt4,"Campus Battelle, Rue de la Tambourine 17, 1227 Carouge, Switzerland",Switzerland,http://www.hesge.ch/heg,"10000,10203",1,"244611,240131,247343,126726,5945","147718,171177"
252019,UENR,7.350174699999999,-2.3429652,ChIJ1wMIFyrJ2g8RSiKkzBvQSGs,"Sunyani, Ghana",Ghana,http://www.uenr.edu.gh/,"20000,20500,20511",1,"254738,257942,257941,1743,255915,255914,255913",193649
242672,Faculty of Human Ecology,-6.559556199999999,106.728843,ChIJHV4_GrLEaS4RJjqG6WqT960,"Gedung FEMA W1 - L2., Kampus IPB Dramaga, Jalan Kamper, Babakan, Kec. Dramaga, Bogor, Jawa Barat 16680, Indonesia",Indonesia,http://fema.ipb.ac.id/,"30000,30200,30206",1,"261067,242668,223117,241513,243035,242667,242666,242661,210229,220082,230163,221664,227440","152019,177587"
244398,National Center Scientific Research And Technological,12.3817567,-1.5048725,ChIJcS-kdza-Lg4R_EqJB1hzcz4,"Ouagadougou, Burkina Faso",Burkina Faso,http://www.cnrst.bf/,"30000,30900,30911",1,"3448,246703,246705,246704,51863,229552,244402","169461,194003"
240705,WORLD AGROFORESTRY (ICRAF),5.3890217,-3.9851236,ChIJVfkbR-iTwQ8RSas4J8j1L94,"Angré, Abidjan, Côte d’Ivoire",NA,NA,"20000,20700,20701",1,"261195,241626,82651,241507,249786,241905,241509,1081,242770,241521,58847","152017,177584"
255857,Centre for Development and Environment,46.9557933,7.4356788,ChIJVT-GkL05jkcRBVnXQeFm02E,"Mittelstrasse 43, 3012 Bern, Switzerland",Switzerland,http://www.cde.unibe.ch,"30000,30200,30206",1,"258775,249581,240146,238076,260171,53632,260169,255714,230255,240943,226387,252868,242779",177592
232147,ZHAW Angewandte Linguistik,47.5028983,8.7276993,ChIJS0dMY3iZmkcRj2jcQ8bFjyo,"Theaterstrasse 15C, 8401 Winterthur, Switzerland",Switzerland,https://www.zhaw.ch/linguistik,"30000,30200,30205",1,"1081,241698,242484,241606,243039,231018","152224,177582"
249686,USDA Forest Products Laboratory,43.0746139,-89.4276171,ChIJse51EO2sB4gRLyb8SZW41OU,"1 Gifford Pinchot Dr, Madison, WI 53726, United States",United States,http://fpl.fs.fed.us/,"20000,20500,20510",1,"224160,249685,250819,240694,249687,250818,139587,227694",177480
249562,Ufr Lsh,16.0622199,-16.4219266,ChIJe25hb7xQlQ4RENgRPC5VSBw,"3H6H+V6P, St Louis, Senegal",Senegal,NA,"10000,10201",1,"27349,249560,251684,252326",177296
242757,"The Graduate Institute, Geneva (IHEID)",46.2209088,6.1436432,ChIJJ5vlO-JkjEcRuRHZyflX0XU,"Chem. Eugène-Rigot 2A, 1202 Genève, Switzerland",Switzerland,http://graduateinstitute.ch/,"10000,10201,10202",1,"253750,239617,77288,96722,238900,244869,249796,229363,246778,249519,210259,246127,244502,242143,247340,247339,239717,255125","146777,152034,171176,177591"
255712,Ho Chi Minh City University of Technology,10.7733743,106.6606193,ChIJ-6NhwcMudTERHmnMoUfNd-8,"268 Lý Thường Kiệt, Phường 14, Quận 10, Thành phố Hồ Chí Minh, Vietnam",Vietnam,http://www.hcmut.edu.vn/,"10000,10105,10104",1,"232714,246710,256301,224152,248110,246713,246712",194006
257941,Department Of Economics,6.6817875,-1.5745373,ChIJT_zBG2qU2w8RF50pZenBNrU,"Kumasi, Ghana",Ghana,http://economics.knust.edu.gh/,"20000,20500,20511",1,"254738,252019,257942,1743,255915,255914,255913",193649
96722,"The Graduate Institute, Geneva (IHEID)",46.2209088,6.1436432,ChIJJ5vlO-JkjEcRuRHZyflX0XU,"Chem. Eugène-Rigot 2A, 1202 Genève, Switzerland",Switzerland,http://graduateinstitute.ch/,"10000,10201,10202",1,"253750,239617,77288,242757,238900,244869",146777
258274,The Petroleum and Petrochemical College,13.7429917,100.5267252,ChIJ_Z_6VSyZ4jARmxkDyMTpXvQ,"Soi Chulalongkorn 12, Wang Mai, จังหวัด, Bangkok 10330, Thailand",Thailand,http://www.ppc.chula.ac.th/,"20000,20500,20505",1,231345,199067
227694,"Berner Fachhochschule BFH, Wirtschaft",46.9423824,7.4405459,ChIJT4o8Dfs5jkcROXxRyRFQ3m8,"Brückenstrasse 73, 3005 Bern, Switzerland",Switzerland,http://bfh.ch/wirtschaft,"20000,20500,20510",1,"224160,249685,250819,240694,249686,249687,250818,139587",177480
236331,University of Lausanne,46.5210895,6.5801606,ChIJubx18aoxjEcRKKylyWpyNgk,"1015 Lausanne, Switzerland",Switzerland,http://www.unil.ch/,"10000,10203",1,"247661,243807,243804,243806,245029,239099,245028,23069,7411",183759
246740,"Institute of Statistical, Social and Economic Research(ISSER)",5.6544922,-0.1844072,ChIJmxuPRYac3w8RSaXx1bUnRio,"P.O BoX LG 74 legon- Accra, Botanical Gardens Rd, Accra, Ghana",Ghana,https://isser.ug.edu.gh/,"10000,10203",1,"244869,51863,230255,246716,244502,249519,234336","169564,194008"
242779,Centre for Development and Environment,46.9557933,7.4356788,ChIJVT-GkL05jkcRBVnXQeFm02E,"Mittelstrasse 43, 3012 Bern, Switzerland",Switzerland,http://www.cde.unibe.ch,"10000,10403,10206,30000,30200,30207,30206",1,"233998,1758,5425,230255,259072,234643,240943,231596,107132,242777,259082,241649,230460,243041,241567,242776,242775,132490,259649,258775,255714,240146,53632,249581,238076,260171,226387,210259,239685,240145,241595,128528,243768,260169,255857,252868","152033,152085,152167,171191,177585,177588,177592"
110,Institute of Social and Preventive Medicine (ISPM),46.9557412,7.4356334,ChIJY4G14ko5jkcRz4gkiFJYogI,"Mittelstrasse 43, 3012 Bern, Switzerland",Switzerland,http://www.ispm.unibe.ch/,"30000,30800,30808",1,"230503,245872,245870",160909
256272,Science Po Rabat,33.9836574,-6.7236517,ChIJ3zQgIWxApw0R8letfKHwxX0,"سلا الجديدة 11110, Morocco",Morocco,http://www.uir.ac.ma/,"10000,10200,10503",1,"6686,256273",193980
256301,Cambodia Development Resource Institute,11.5773061,104.8936949,ChIJ-XexkndRCTERudyDFjFpnHo,"56 St 315, Phnom Penh, Cambodia",Cambodia,http://www.cdri.org.kh/,"10000,10105,10104",1,"232714,246710,224152,255712,248110,246713,246712",194006
54808,Faculty Biology And Medicine,46.5246277,6.6396051,ChIJ56MEpzcujEcRHxXI0_LwofI,"Rue du Bugnon 21, 1005 Lausanne, Switzerland",Switzerland,http://www.unil.ch/fbm/,"30000,30100,30107",1,"255441,254529",189496
246713,BRAC Institute of Educational Development,23.7755336,90.41257639999999,ChIJF7XpWJ3HVTcRkBuW8w07EyU,"113/1 Rd No 2, Dhaka 1212, Bangladesh",Bangladesh,https://www.bracied.com/,"10000,10105,10104",1,"232714,246712,224152,246710,248110,256301,255712","169470,194006"
238601,National Center for Animal and Plant Health,22.9913232,-82.15342509999999,ChIJS7XqYcmc0ogRyMNQUBvYUKQ,"Autopista Nacional 23km 1/2, Carretera, San José de las Lajas, Cuba",Cuba,NA,"20000,20700,20709",1,"259342,90107,230309,249703","147314,177481"
242667,Pontifical Xavierian University,4.628487499999999,-74.06466449999999,ChIJnxw_GaiZP44RB0wTD2QxNPk,"Ak. 7 #No. 40 - 62, Bogotá, Colombia",Colombia,http://www.javeriana.edu.co/home,"30000,30200,30206",1,"261067,242668,223117,241513,243035,242672,242666,242661,210229,220082,230163,221664,227440","152019,177587"
250819,USDA Forest Products Laboratory,43.0746139,-89.4276171,ChIJse51EO2sB4gRLyb8SZW41OU,"1 Gifford Pinchot Dr, Madison, WI 53726, United States",United States,http://fpl.fs.fed.us/,"20000,20500,20505,20510",1,"224160,249867,240694,240700,230309,230519,249685,249686,249687,250818,139587,227694","147330,177480"
210229,NUS Civil and Environmental Engineering,1.299104,103.7708718,ChIJjW8OXvca2jERLDuB8HAC6ts,"1 Engineering Drive 2, #07-03 E1A, Singapore 117576",NA,http://www.eng.nus.edu.sg/cee/,"30000,30200,30206",1,"261067,242668,223117,241513,243035,242672,242667,242666,242661,220082,230163",152019
218534,CIDEIM,3.3387691,-76.528331,ChIJCb7wnumhMI4Rz-bc-bU6Ogs,"Av. La Maria #19-225, Cali, Valle del Cauca, Colombia",Colombia,https://www.cideim.org.co/cideim/,"30000,30300,30307",1,212598,190140
251134,"Faculty of Arts, University of Colombo",6.9016603,79.8627581,ChIJf19eL2NZ4joRU13iWqE5P24,"Reid Avenue, Philip Gunewardena Mawatha, Colombo, Sri Lanka",Sri Lanka,http://arts.cmb.ac.lk/,"10000,10403,10206",1,"239601,241595,239191,261344",177322
124343,ETH Zürich,47.37638889999999,8.547628,ChIJ94xuUaagmkcRB3Y3tij0YUs,"Rämistrasse 101, 8092 Zürich, Switzerland",Switzerland,https://ethz.ch/de.html,"10000,10203",1,"254198,253770",188830
71,Institut für Pflanzenwissenschaften,46.9535203,7.445292699999999,ChIJbeEWl-o5jkcRSTKOWFf0A-g,"Altenbergrain 21, 3013 Bern, Switzerland",Switzerland,http://www.ips.unibe.ch/,"30000,30200,30207",1,"259072,250814,71203",177386
260169,Swiss Federal Institute of Aquatic Science and Technology,47.4038135,8.6097632,ChIJr-jr3qehmkcRMfRU__G-l2A,"Ueberlandstrasse 133, 8600 Dübendorf, Switzerland",Switzerland,http://www.eawag.ch/,"30000,30200,30206",1,"258775,249581,240146,238076,260171,53632,255714,230255,255857,240943,226387,252868,242779",177592
253076,"SUPSI - Dipartimento economia aziendale, sanità e sociale (DEASS) - Stabile Piazzetta",46.035764,8.926701999999999,ChIJJ9F3eOwyhEcR-05zdzu4yKs,"Via Violino 11, 6928 Manno, Switzerland",Switzerland,http://www.supsi.ch/deass,"30000,30900,30911",1,"3448,238405,230492,51863,240143,242873,246379,244222,252930","160373,183760"
79308,Institute of Social and Preventive Medicine (ISPM),46.9557412,7.4356334,ChIJY4G14ko5jkcRz4gkiFJYogI,"Mittelstrasse 43, 3012 Bern, Switzerland",Switzerland,http://www.ispm.unibe.ch/,"30000,30800,30807",1,254940,190277
248220,World Trade Institute,46.9521621,7.434993599999999,ChIJ6-Ptor05jkcRY2GiegM-zXk,"Hallerstrasse 6, 3012 Bern, Switzerland",Switzerland,http://www.wti.org/,"10000,10203",1,"241078,240201,240198,240197,1454,241077,244468,138287",147836
242551,University of Neuchâtel,46.9938549,6.9387031,ChIJV1NCwhAKjkcRfAeyqgbpmqs,"Av. du Premier-Mars 26, 2000 Neuchâtel, Switzerland",Switzerland,https://www.unine.ch/,"30000,30200,30209",1,"107132,238063,241614,241626,241617,241619,241624,241621,242552,1447","152154,177583"
244377,SolidarMed,47.0411774,8.3026684,ChIJe-r2Oab7j0cR7fJkmJxouDM,"Obergrundstrasse 97, 6005 Luzern, Switzerland",Switzerland,http://www.solidarmed.ch/,"30000,30700,30712",1,"249624,244376,255304,256886,255694,3448",160876
261195,ETH Zürich,47.37638889999999,8.547628,ChIJ94xuUaagmkcRB3Y3tij0YUs,"Rämistrasse 101, 8092 Zürich, Switzerland",Switzerland,https://ethz.ch/de.html,"20000,20700,20701,30000,30200,30205",1,"241626,82651,241507,249786,241905,241509,240705,1081,242770,241521,58847,227440,230163,255826,255827,256461,234120,216418","152017,177584,193032,194252"
254912,Departement Biologie,47.4103329,8.5082077,ChIJF7XUCP8KkEcRTXgcKonmRUo,"Wolfgang-Pauli-Strasse 27, 8093 Zürich, Switzerland",Switzerland,https://www.biol.ethz.ch/,"30000,30400,30401",1,"247784,258191,255836,258101",198887
246771,Université d'Abomey Calavi,6.413202399999999,2.3123031,ChIJfwKQjoGpJBARfxlYycmDgo4,"Godomey, Benin",Benin,http://www.uac.bj/,"10000,10203",1,"256297,247889,246772,51863,244372,244279,139779","169632,194005"
250818,USDA Forest Products Laboratory,43.0746139,-89.4276171,ChIJse51EO2sB4gRLyb8SZW41OU,"1 Gifford Pinchot Dr, Madison, WI 53726, United States",United States,http://fpl.fs.fed.us/,"20000,20500,20510",1,"224160,249685,250819,240694,249686,249687,139587,227694",177480
227440,ETH Zürich,47.37638889999999,8.547628,ChIJ94xuUaagmkcRB3Y3tij0YUs,"Rämistrasse 101, 8092 Zürich, Switzerland",Switzerland,https://ethz.ch/de.html,"20000,20700,20701,10000,10403,10206,30000,30200,30206,30205",1,"239612,249581,218520,99008,220554,261067,230163,224425,243035,221664,223117,241513,242672,242668,242667,220082,255826,255827,261195","146791,146852,177587,193032"
247889,Institute for Research in Education,9.939484,-84.0431336,ChIJCZ3X4XXkoI8RWrjAORRw4yQ,"Sede Central, Ciudad de la Investigación, de la entrada principal (por LANAMME), 800 metros al norte contiguo al CELEQ, San José, San Pedro, Costa Rica",Costa Rica,http://www.inie.ucr.ac.cr/,"10000,10203",1,"256297,246771,246772,51863,244372,244279,139779","169632,194005"
230163,Institute Of Terrestrial Ecosystems,47.379223,8.548385,ChIJef0p7KagmkcRTYTMxTJk0qc,"Universitätstrasse 16, 8006 Zürich, Switzerland",Switzerland,https://ites.ethz.ch/,"10000,10403,10206,30000,30200,30206,30205",1,"227440,261067,249581,224425,242668,223117,241513,243035,242672,242667,242666,242661,210229,220082,221664,255826,255827,261195","146852,152019,177587,193032"
220554,Swiss Federal Institute of Technology Lausanne,46.5190557,6.5667576,ChIJP6Ls3f0wjEcRcrKTf6s0zLs,"Rte Cantonale, 1015 Lausanne, Switzerland",Switzerland,https://www.epfl.ch/,"20000,20700,20701",1,"227440,239612,249581,218520,99008",146791
241595,Nepal Center for Contemporary Research,27.6574506,85.31573829999999,ChIJyWr-Ov4Z6zkRdfWJsp0ZAOw,"Shobahiti,Lalitpur-14, Lalitpur 44600, Nepal",Nepal,http://www.nccr.org.np/,"10000,10403,10206",1,"5425,240145,240146,239685,51620,210259,230255,240943,242779,128528,239601,251134,239191,261344","147725,171191,177322"
261067,ETH Zürich,47.37638889999999,8.547628,ChIJ94xuUaagmkcRB3Y3tij0YUs,"Rämistrasse 101, 8092 Zürich, Switzerland",Switzerland,https://ethz.ch/de.html,"10000,10403,10206,30000,30200,30206",1,"227440,249581,230163,224425,242668,223117,241513,243035,242672,242667,242666,242661,210229,220082,221664","146852,152019,177587"
245436,Swiss Federal Institute of Technology Lausanne,46.5190557,6.5667576,ChIJP6Ls3f0wjEcRcrKTf6s0zLs,"Rte Cantonale, 1015 Lausanne, Switzerland",Switzerland,https://www.epfl.ch/,"20000,20300,20301",1,"233922,239643",146919
249519,Maison de la Paix,46.2207869,6.143574099999999,ChIJs7wQ7OFkjEcRvNAH4EUjilM,"Chem. Eugène-Rigot 2, 1202 Genève, Switzerland",Switzerland,http://graduateinstitute.ch/,"10000,10201,10202,10203",1,"253750,249796,229363,246778,210259,246127,242757,244502,242143,244869,51863,230255,246716,246740,234336,255125","152034,169564,177591,194008"
242534,Swisspeace,47.5545596,7.5848767,ChIJZYQeCcI5jkcRgceQgBDZKXE,"Steinengraben 22, 4051 Basel, Switzerland",Switzerland,http://www.swisspeace.ch/,"10000,10201,10202",1,"82651,245860,130853,234054,248698",160867
224152,Institut für Erziehungswissenschaft (2.Standort),47.371085,8.554291,ChIJeXk6_LGgmkcR9hIBEW82vmM,"Freiestrasse 36, 8032 Zürich, Switzerland",Switzerland,https://www.ife.uzh.ch/,"10000,10105,10104",1,"232714,246712,246710,248110,246713,256301,255712","169470,194006"
249560,"The Graduate Institute, Geneva (IHEID)",46.2209088,6.1436432,ChIJJ5vlO-JkjEcRuRHZyflX0XU,"Chem. Eugène-Rigot 2A, 1202 Genève, Switzerland",Switzerland,http://graduateinstitute.ch/,"10000,10201",1,"27349,251684,249562,252326",177296
242451,University of Lausanne,46.5210895,6.5801606,ChIJubx18aoxjEcRKKylyWpyNgk,"1015 Lausanne, Switzerland",Switzerland,http://www.unil.ch/,"10000,10403,10206",1,"239601,255903,246690,48578",169430
2192,ETH Zürich,47.37638889999999,8.547628,ChIJ94xuUaagmkcRB3Y3tij0YUs,"Rämistrasse 101, 8092 Zürich, Switzerland",Switzerland,https://ethz.ch/de.html,"20000,20800,20802",1,"32840,249671,249672,249670",177474
230309,"Berner Fachhochschule BFH, Hochschule für Agrar-, Forst- und Lebensmittelwissenschaften HAFL",46.99138019999999,7.4674485,ChIJDfA94XI6jkcRvxKgu1lMdHk,"Länggasse 85, 3052 Zollikofen, Switzerland",Switzerland,https://www.bfh.ch/hafl,"20000,20500,20505,20700,20709",1,"224160,250819,249867,240694,240700,230519,259342,238601,249703,90107","147330,177481"
238076,ETH Zürich,47.37638889999999,8.547628,ChIJ94xuUaagmkcRB3Y3tij0YUs,"Rämistrasse 101, 8092 Zürich, Switzerland",Switzerland,https://ethz.ch/de.html,"30000,30200,30206",1,"258775,242779,255714,240146,53632,249581,240943,230255,260171,226387,260169,255857,252868","152167,177592"
105908,Hochschule für Wirtschaft FHNW,47.5461897,7.5954144,ChIJj-1vS0m4kUcRt7obZh3DUUE,"Peter Merian-Strasse 86, 4002 Basel, Switzerland",Switzerland,https://www.fhnw.ch/de/die-fhnw/standorte/basel-peter-merian,"10000,10105,10104",1,"244433,245880,244432,255672,95106",160910
244376,DHMT,-28.7620932,28.2489499,ChIJP4WInjRrjR4RfonE0YG5lYY,"66QX+5H8, Butha Buthe, Lesotho",Lesotho,NA,"30000,30700,30712",1,"249624,255304,256886,255694,244377,3448",160876
239705,Center for Democratic Development Ghana,5.609729199999999,-0.1915355,ChIJl95bYqmb3w8Rioi4qMfBnhI,"No. 95 Nortei Ababio Loop, North, Ghana",Ghana,http://www.cddgh.org/,"10000,10201,10202",1,"236390,121316,247315,239702,239716,239715,216945,233813",147210
138287,Centre for Development and Environment,46.9557933,7.4356788,ChIJVT-GkL05jkcRBVnXQeFm02E,"Mittelstrasse 43, 3012 Bern, Switzerland",Switzerland,http://www.cde.unibe.ch,"10000,10203",1,"248220,241078,240201,240198,240197,1454,241077,244468",147836
244425,"Central Library, Faculty of Science Semlalia",31.6490864,-8.0154408,ChIJtSY8ZZ3urw0RZN0J9eP1z0k,"Bd Prince Moulay Abdellah, Marrakech 40000, Morocco",Morocco,http://biblio-fssm.uca.ma/,"30000,30200,30205",1,"1081,239916",160904
238900,"The Graduate Institute, Geneva (IHEID)",46.2209088,6.1436432,ChIJJ5vlO-JkjEcRuRHZyflX0XU,"Chem. Eugène-Rigot 2A, 1202 Genève, Switzerland",Switzerland,http://graduateinstitute.ch/,"10000,10201,10202",1,"253750,239617,77288,96722,242757,244869",146777
242777,ETH Zürich,47.37638889999999,8.547628,ChIJ94xuUaagmkcRB3Y3tij0YUs,"Rämistrasse 101, 8092 Zürich, Switzerland",Switzerland,https://ethz.ch/de.html,"30000,30200,30207",1,"107132,259082,241649,230460,243041,241567,242776,242775,230255,242779,132490,259649,243768,233998","152085,177588"
5425,Philosophisch-historische Fakultät,46.9543207,7.430421799999999,ChIJTU6Scpg5jkcRjBD5c3QSJSo,"Länggassstrasse 49, 3012 Bern, Switzerland",Switzerland,http://www.philhist.unibe.ch/,"10000,10403,10206",1,"241595,240145,240146,239685,51620,210259,230255,240943,242779,233998,1758,259072,234643,231596,128528","147725,152033,171191,177585"
239702,The School of Global Affairs and Public Policy,30.0187277,31.4998937,ChIJr4pPClsiWBQRITx9i0V4XyI,"74 S Teseen, NEW CAIRO, First New Cairo, Cairo Governorate 11835, Egypt",Egypt,NA,"10000,10201,10202",1,"236390,121316,247315,239705,239716,239715,216945,233813,239765,236544","147210,171175"
256273,Birzeit University,31.9591925,35.1820071,ChIJd1FQ9kUqHRURYNn30kByzFk,"West bank, Palestine, Birzeit",Birzeit,https://www.birzeit.edu/,"10000,10200,10503",1,"6686,256272",193980
246379,"Departement Geistes-, Sozial- und Staatswissenschaften",47.3803892,8.5445045,ChIJ9fVz4gkKkEcRt2TKOQ1r3w4,"Haldeneggsteig 4, 8092 Zürich, Switzerland",Switzerland,https://www.gess.ethz.ch,"30000,30900,30911",1,"3448,238405,230492,51863,240143,253076,242873,244222",160373
220528,"Department of Psychology, University of Zurich",47.4142883,8.5495906,ChIJl8UaQ4MKkEcRah2EwrU9mKw,"Universität Zürich-Nord, Campus Zürich Nord, Universität Zürich-Nord, Binzmühlestrasse 14, 8050 Zürich, Switzerland",Switzerland,http://www.psychologie.uzh.ch/,"10000,10105,10605",1,"59659,256335,230792",194093
47846,University of Bern,46.9504896,7.438119,ChIJDWEotJ85jkcRRP-8NWlTN-E,"Hochschulstrasse 6, 3012 Bern, Switzerland",Switzerland,https://www.unibe.ch/,"30000,30100,30103",1,"255285,218544",191762
239612,University of Antananarivo,-18.914032,47.55181169999999,ChIJt35a54h98CERPMREKzyK8Lw,"Présidence de l'Université d'Antananarivo: BP 566 Antananarivo, 101, Madagascar",Madagascar,http://www.univ-antananarivo.mg/,"20000,20700,20701",1,"227440,249581,218520,99008,220554",146791
241097,Laboratoire Citoyennetés,12.3792999,-1.4864963,ChIJ9Qn3KFe-Lg4RpW74Rqq9FiI,"Rue Zangoeg-Pelgo, Zogona, Ouagadougou, Burkina Faso",Burkina Faso,https://laboratoire-citoyennetes.org/,"10000,10201,10202",1,"51863,244410,253594",160897
261344,"Zürcher Hochschule für Angewandte Wissenschaften, Departement Soziale Arbeit",47.3900759,8.5116534,ChIJx0TcRwKhmkcRvg4Mrd_CUKU,"Pfingstweidstrasse 96, 8005 Zürich, Switzerland",Switzerland,http://www.zhaw.ch/sozialearbeit,"10000,10403,10206",1,"239601,241595,251134,239191",177322
252930,Swiss Tropical And Public Health Institute,47.55592780000001,7.577431699999999,ChIJMQKj8wC5kUcRjBRGaJHolw0,"Socinstrasse 57, 4051 Basel, Switzerland",Switzerland,https://www.swisstph.ch/de/,"30000,30900,30912,30800,30812,30700,30712,30911",1,"3448,239729,228591,239730,229553,244446,229552,253033,230492,51863,240143,238405,253076","147286,160919,160930,183760"
121316,Département d'économie politique,46.19540019999999,6.140874500000001,ChIJ8z_LgtV6jEcRUBSzYX9t4so,"Bd Carl-Vogt 101, 1205 Genève, Switzerland",Switzerland,NA,"10000,10201,10202",1,"236390,247315,239702,239705,239716,239715,216945,233813,239765,236544","147210,171175"
53632,Department of Political Science,46.9534713,7.4227339,ChIJza2VM6A5jkcRynZTb-A4kMU,"Fabrikstrasse 8, 3012 Bern, Switzerland",Switzerland,http://www.ipw.unibe.ch/,"30000,30200,30206",1,"258775,242779,255714,240146,249581,238076,240943,230255,260171,226387,260169,255857,252868","152167,177592"
246716,National institute for economic research,18.0075744,102.6473885,ChIJx3-6bxZnJDERT8_i8IqZ4iM,"2J5W+2XC, Vientiane, Laos",Laos,http://www.nier.gov.la/,"10000,10203",1,"244869,51863,230255,246740,244502,249519,234336","169564,194008"
95106,IWI Institut für Wirtschaftsinformatik FHNW,47.545881,7.5950111,ChIJj-1vS0m4kUcRaobXzh4DyUs,"Peter Merian-Strasse 86, 4002 Basel, Switzerland",Switzerland,http://www.fhnw.ch/iwi,"10000,10105,10104",1,"105908,244433,245880,244432,255672",160910
243793,B.P. Koirala Institute of Health Sciences,26.8122418,87.26836089999999,ChIJd2wmza1B7zkRxkkYH95cyzk,"Buddha Road, Dharan 56700, Nepal",Nepal,http://www.bpkihs.edu/,"30000,30900,30911",1,"243760,246127,261323,256806,257165,261322,246267,246117,251123",160366
239685,Higher University of San Andrés (UMSA),-16.5047667,-68.1299168,ChIJ3T15IGUgX5ERdpnGbDTf9lM,"J.J.Perez, La Paz, Bolivia",Bolivia,http://www.umsa.bo/,"10000,10403,10206",1,"5425,241595,240145,240146,51620,210259,230255,240943,242779,128528","147725,171191"
130853,Swisspeace,47.5545596,7.5848767,ChIJZYQeCcI5jkcRgceQgBDZKXE,"Steinengraben 22, 4051 Basel, Switzerland",Switzerland,http://www.swisspeace.ch/,"10000,10201,10202",1,"242534,82651,245860,234054,248698",160867
242143,"The Graduate Institute, Geneva (IHEID)",46.2209088,6.1436432,ChIJJ5vlO-JkjEcRuRHZyflX0XU,"Chem. Eugène-Rigot 2A, 1202 Genève, Switzerland",Switzerland,http://graduateinstitute.ch/,"10000,10201,10202",1,"253750,249796,229363,246778,249519,210259,246127,242757,244502,255125","152034,177591"
230561,Dar es Salaam City Council,-6.820367099999999,39.2864438,ChIJmUpXXqdLXBgR1yjLTA6mVnA,"1 Morogoro Rd, Dar es Salaam, Tanzania",Tanzania,http://www.dcc.go.tz/,"30000,30700,30712",1,"255370,230492,46154",146896
242776,Irrigation and water resources engineer,-6.8277556,37.6591144,ChIJwdmq9J1dWhgRP8s-I0cK7sM,"Kididimo, Morogoro, Tanzania",Tanzania,NA,"30000,30200,30207",1,"107132,242777,259082,241649,230460,243041,241567,242775,230255,242779,132490,259649,243768,233998","152085,177588"
23069,HEC Lausanne,46.5223323,6.584319600000001,ChIJO9PnfKwxjEcRiY_qC9G2eok,"Quartier de Chambronne, Internef 261, 1015 Lausanne, Switzerland",Switzerland,https://www.unil.ch/hec/fr/home.html,"10000,10203",1,"247661,245028,243806,245029,243804,239099,243807,7411,236331","160374,183759"
35073,Institut für Sprachwissenschaft,46.9543207,7.430421799999999,ChIJTU6Scpg5jkcRBlcpN-KYDQQ,"Länggassstrasse 49, 3012 Bern, Switzerland",Switzerland,https://www.isw.unibe.ch/,"10000,10201,10602",1,"857,249632,249633,5530,229552,261321",177385
245879,Faculty of Forestry UGM,-7.767026299999999,110.3810022,ChIJh82tA7NZei4RwdB9rRNQ-xs,"Universitas Gadjah Mada Jl. Agro, Bulaksumur No.1, Kocoran, Caturtunggal, Kec. Depok, Kabupaten Sleman, Daerah Istimewa Yogyakarta 55281, Indonesia",Indonesia,http://fkt.ugm.ac.id/,"20000,20500,20506",1,"230075,245878,244428",160906
239729,Makerere University,0.3335304,32.5675046,ChIJ703liG27fRcRnQgL4fv8xt0,"University Rd, Kampala, Uganda",Uganda,http://mak.ac.ug/,"30000,30900,30912,10000,10403",1,"3448,228591,252930,239730,6700,6684","147286,147350"
231596,SCNAT | Akademie der Naturwissenschaften | Académie des sciences nat. | Accademia di scienze nat.,46.947057,7.4366015,ChIJLXBIZrk5jkcRbN44WvYjJFI,"Haus der Akademien, Laupenstrasse 7, 3008 Bern, Switzerland",Switzerland,http://www.scnat.ch/,"10000,10403,10206",1,"242779,233998,1758,5425,230255,259072,234643,240943",152033
46154,"Universitätsklinik für Kinderchirurgie und Kinderheilkunde, Inselspital Bern",46.9470528,7.4257951,ChIJneO1zKU5jkcRPLKXGTPL0iI,"Freiburgstrasse 15, 3010 Bern, Switzerland",Switzerland,http://www.kinderkliniken.insel.ch/,"30000,30700,30712",1,"255370,230561,230492",146896
41533,Institut für Medizinische Mikrobiologie,47.3764207,8.553389,ChIJIz0XbKWgmkcRrNY96OV0hbk,"Gloriastrasse 28, 8006 Zürich, Switzerland",Switzerland,http://www.imm.uzh.ch/,"30000,30100,30104",1,NA,160877
244279,ETH Zürich,47.37638889999999,8.547628,ChIJ94xuUaagmkcRB3Y3tij0YUs,"Rämistrasse 101, 8092 Zürich, Switzerland",Switzerland,https://ethz.ch/de.html,"10000,10203",1,"256297,247889,246771,246772,51863,244372,139779","169632,194005"
246710,Faculty of Engineering (NUOL),17.9396795,102.6240259,ChIJjWC-ox9mJDER0FmTBQ3CMxA,"WJQF+VJC, Vientiane, Laos",Laos,NA,"10000,10105,10104",1,"232714,246712,224152,248110,246713,256301,255712","169470,194006"
251085,Global Studies Institute de l'Université de Genève,46.1989327,6.1381708,ChIJSwS48CxljEcRnc4LhiRp-g8,"Rue des Vieux-Grenadiers 10, 1205 Genève, Switzerland",Switzerland,NA,"10000,10201",1,"6113,218329,254366,3081",160929
242770,ETH Zürich,47.37638889999999,8.547628,ChIJ94xuUaagmkcRB3Y3tij0YUs,"Rämistrasse 101, 8092 Zürich, Switzerland",Switzerland,https://ethz.ch/de.html,"20000,20700,20701",1,"261195,241626,82651,241507,249786,241905,241509,240705,1081,241521,58847,256461,234120,216418","152017,177584,194252"
233998,Cetrad,0.016323,37.07812699999999,ChIJmR58JUr2hxcRHoE2v73wFtg,"Nanyuki Off Hospital Road Buttsons Complex Building, Kenya",Kenya,http://www.cetrad.org/,"10000,10403,10206,30000,30200,30207",1,"230255,239634,243072,239633,242779,1758,5425,259072,234643,240943,231596,107132,243768,242776,241649,259082,242777,230460,241567","146875,152033,177585,177588"
255304,"University of Basel, Department of Biomedicine",47.56075569999999,7.5822213,ChIJwVyTO6i5kUcRbfg5RUfogBQ,"Hebelstrasse 20, 4031 Basel, Switzerland",Switzerland,https://biomedizin.unibas.ch/,"30000,30700,30712",1,"249624,244376,256886,255694,244377,3448",160876
241621,ProFish Ghana Limited,5.6024593,-0.2037515,ChIJ99a6Pzqb3w8RCWt9vxM9ZPA,"191 1st Kotobabi Rd, Accra, Ghana",Ghana,https://profishgh.com/,"30000,30200,30209",1,"107132,242551,238063,241614,241626,241617,241619,241624,242552,1447","152154,177583"
230792,ETH Zürich,47.37638889999999,8.547628,ChIJ94xuUaagmkcRB3Y3tij0YUs,"Rämistrasse 101, 8092 Zürich, Switzerland",Switzerland,https://ethz.ch/de.html,"10000,10105,10605",1,"59659,256335,220528",194093
239601,Faculty Of Geosciences Environmental And,46.52648050000001,6.579694399999999,ChIJj86pNqkxjEcRs2X6awsJEEQ,"1022 Chavannes-près-Renens, Switzerland",Switzerland,http://www.unil.ch/gse/,"10000,10403,10206",1,"255903,246690,48578,242451,241595,251134,239191,261344","169430,177322,194004"
245028,International Institute for Population Sciences,19.0490209,72.9148281,ChIJg0KQPhLG5zsR6T87dpCZBps,"Govandi Station Road, Deonar, Opposite Sanjona Chamber, Mumbai, Maharashtra 400088, India",India,http://iipsindia.ac.in/,"10000,10203",1,"247661,243806,245029,243804,239099,243807,7411,23069,236331","160374,183759"
77288,Crapul - Iep Lausanne,46.519059,6.5770998999999994,ChIJNRKdlVQwjEcRToN18Tytcbw,"UNIL Mouline, 1015 Lausanne, Switzerland",Switzerland,https://www.unil.ch/crapul/fr/home.html,"10000,10201,10202",1,"253750,239617,96722,242757,238900,244869,247340,247339,239717","146777,171176"
230519,"Berner Fachhochschule BFH, Architektur, Holz und Bau",47.1586997,7.2762495,ChIJFfpEg90ejkcRjjSH_fhkqCg,"Solothurnstrasse 102, 2500 Biel, Switzerland",Switzerland,http://www.bfh.ch/ahb,"20000,20500,20505",1,"224160,250819,249867,240694,240700,230309",147330
249624,Swiss Tropical And Public Health Institute,47.55592780000001,7.577431699999999,ChIJMQKj8wC5kUcRjBRGaJHolw0,"Socinstrasse 57, 4051 Basel, Switzerland",Switzerland,https://www.swisstph.ch/de/,"30000,30700,30712",1,"244376,255304,256886,255694,244377,3448",160876
246117,University of Geneva,46.199444,6.1451157,ChIJ3yKsR1FkjEcRIpuYmmtbIq0,"1205 Geneva, Switzerland",Switzerland,http://www.unige.ch/,"30000,30900,30911",1,"243760,246127,261323,256806,257165,261322,243793,246267,251123",160366
245870,New Guinea Binatang Research Centre,-5.1564005,145.7946165,ChIJzWtxxYfp9WgRGNkb54UpLhA,"North Coast Road, Nagada Harbour, Madang, Papua New Guinea",Papua New Guinea,http://baloun.entu.cas.cz/png/,"30000,30800,30808",1,"110,230503,245872",160909
239744,SENAMHI,-12.0791452,-77.0427131,ChIJeT3HwvDIBZERxBAZZJEr1PE,"Jirón Cahuide 721, Jesús María 15072, Peru",Peru,NA,"20000,20700,20704",1,"1758,239679,240686,48278,246742,212842",147320
243768,University of Stellenbosch - Department of Botany & Zoology,-33.9321854,18.8633889,ChIJEZJ7CWiyzR0RE_cTZU_SNvA,"Natural Sciences, Merriman Ave, Stellenbosch Central, Stellenbosch, 7600, South Africa",South Africa,NA,"30000,30200,30207",1,"107132,233998,242776,241649,259082,230255,242777,230460,241567,242779",177588
96695,University of California Irvine,33.6404952,-117.8442962,ChIJkb-SJQ7e3IAR7LfattDF-3k,"Irvine, CA 92697, United States",United States,https://uci.edu/,"30000,30400,30401",1,"57979,256613",198747
241509,INERA,12.3528862,-1.5564317,ChIJi_mZcNKVLg4REbcXpfWJ7v0,"04 BP: 8645 Ouagadougou 04, rue Guisga, Ouagadougou, Burkina Faso",Burkina Faso,http://www.inera.bf,"20000,20700,20701",1,"261195,241626,82651,241507,249786,241905,240705,1081,242770,241521,58847","152017,177584"
248698,Swisspeace,47.5545596,7.5848767,ChIJZYQeCcI5jkcRgceQgBDZKXE,"Steinengraben 22, 4051 Basel, Switzerland",Switzerland,http://www.swisspeace.ch/,"10000,10201,10202",1,"242534,82651,245860,130853,234054",160867
857,Universität Zürich Anatomisches Institut,47.39755770000001,8.5489645,ChIJRWRLZXgKkEcRXVFJrWDHxNc,"11, Winterthurerstrasse 190, 8057 Zürich, Switzerland",Switzerland,http://www.uzh.ch/outreach/museums/anatomische-sammlung.html,"10000,10201,10602",1,"249632,249633,35073,5530,229552,261321",177385
246704,Centro de investigação de Saúde de Manhiça,-25.4085626,32.8057645,ChIJFW_Q_9Le5h4R2kN3cpNVfoU,"HRR4+H8C Manhiça Maputo, 1929, Mozambique",Mozambique,http://www.cismmanhica.org/,"30000,30900,30911",1,"3448,246703,244398,246705,51863,229552,244402","169461,194003"
228142,Swiss Federal Institute of Technology Lausanne,46.5190557,6.5667576,ChIJP6Ls3f0wjEcRcrKTf6s0zLs,"Rte Cantonale, 1015 Lausanne, Switzerland",Switzerland,https://www.epfl.ch/,"20000,20500,20502",1,"242011,244440,245881,245509,218004",160914
244428,Department of Town & Country Planning,6.79667,79.9005901,ChIJGxX3DkFF4joR2h_kRA9LUOM,"Department of Town & Country Planning, Moratuwa 10400, Sri Lanka",Sri Lanka,NA,"20000,20500,20506",1,"230075,245879,245878",160906
27349,Haute École de travail social et de la santé,46.5409336,6.648158,ChIJaQx4mmwujEcR2lGTqqiNJdw,"Chem. des Abeilles 14, 1010 Lausanne, Switzerland",Switzerland,https://www.hetsl.ch/,"10000,10201",1,"249560,251684,249562,252326",177296
242011,Swiss Federal Institute of Technology Lausanne,46.5190557,6.5667576,ChIJP6Ls3f0wjEcRcrKTf6s0zLs,"Rte Cantonale, 1015 Lausanne, Switzerland",Switzerland,https://www.epfl.ch/,"20000,20500,20502",1,"244440,245881,245509,228142,218004",160914
234336,"The Graduate Institute, Geneva (IHEID)",46.2209088,6.1436432,ChIJJ5vlO-JkjEcRuRHZyflX0XU,"Chem. Eugène-Rigot 2A, 1202 Genève, Switzerland",Switzerland,http://graduateinstitute.ch/,"10000,10203",1,"244869,51863,230255,246716,246740,244502,249519",169564
6101,University of Lausanne,46.5210895,6.5801606,ChIJubx18aoxjEcRKKylyWpyNgk,"1015 Lausanne, Switzerland",Switzerland,http://www.unil.ch/,"10000,10105,10605",1,"249556,259099,249557,257614",177295
128528,Interdisziplinäres Zentrum für Geschlechterforschung,46.9557412,7.4356334,ChIJg6Qjjb45jkcR0ieyN-hOczw,"Mittelstrasse 43, 3012 Bern, Switzerland",Switzerland,http://www.izfg.unibe.ch/,"10000,10403,10206",1,"5425,210259,240146,239685,240145,241595,242779,240943,230255",171191
212842,MeteoSchweiz Doppler Radar,47.2842683,8.5119778,ChIJCacNbnQHkEcR8rkhZU1Vun8,"8135 Langnau am Albis, Switzerland",Switzerland,NA,"20000,20700,20704",1,"1758,239744,239679,240686,48278,246742",147320
247661,HEC Lausanne,46.5223323,6.584319600000001,ChIJO9PnfKwxjEcRiY_qC9G2eok,"Quartier de Chambronne, Internef 261, 1015 Lausanne, Switzerland",Switzerland,https://www.unil.ch/hec/fr/home.html,"10000,10203",1,"245028,243806,245029,243804,239099,243807,7411,23069,236331","160374,183759"
245453,University of Lausanne,46.5210895,6.5801606,ChIJubx18aoxjEcRKKylyWpyNgk,"1015 Lausanne, Switzerland",Switzerland,http://www.unil.ch/,"10000,10105",1,"6113,240710,239665,253616,247359,232184","146955,171188"
251684,Catholic University of Central Africa,3.843718,11.520898,ChIJv_GEN_TPixARmmakSIW0kM4,"Yaoundé, Cameroon",Cameroon,http://www.ucac-icy.net,"10000,10201",1,"27349,249560,249562,252326",177296
258775,Wyss Academy for Nature at the University of Bern,46.9469897,7.446789399999999,ChIJuWvQ0T05jkcRjb4ywXP3YmI,"Kochergasse 4, 3012 Bern, Switzerland",Switzerland,https://www.wyssacademy.org/,"30000,30200,30206",1,"242779,255714,240146,53632,249581,238076,240943,230255,260171,226387,260169,255857,252868","152167,177592"
241513,WWF Schweiz,47.3796031,8.5224959,ChIJ66CovBcKkEcRduAcg3jbFrw,"Hohlstrasse 110, 8004 Zürich, Switzerland",Switzerland,http://www.wwf.ch/,"30000,30200,30206",1,"261067,242668,223117,243035,242672,242667,242666,242661,210229,220082,230163,221664,227440","152019,177587"
244433,University of Zambia School of Public Health,-15.4375217,28.31226,ChIJd8-w6MWMQBkR6zUPnh-qyjU,"Burma Rd, Lusaka, Zambia",Zambia,NA,"10000,10105,10104",1,"105908,245880,244432,255672,95106",160910
126726,University of Geneva,46.199444,6.1451157,ChIJ3yKsR1FkjEcRIpuYmmtbIq0,"1205 Geneva, Switzerland",Switzerland,http://www.unige.ch/,"10000,10203",1,"244611,240131,247342,247343",147718
261322,Universidad Peruana Cayetano Heredia,-12.0239773,-77.0565049,ChIJ0ynowZKeBZER5ZfLRStoQNA,"Av. Honorio Delgado 430, San Martín de Porres 15102, Peru",Peru,https://www.cayetano.edu.pe/,"30000,30900,30911",1,"243760,246127,261323,256806,257165,243793,246267,246117,251123",160366
243807,Invest in Knowledge Initiative,-15.3810326,35.3244137,ChIJ_-DgfNYE2RgR4NdEW6Vihp0,"P.O. Box 506, Old Naisi Road, Zomba, Malawi",Malawi,http://www.investinknowledge.org/,"10000,10203",1,"247661,245028,243806,245029,243804,239099,7411,23069,236331","160374,183759"
241521,FSA (Faculté des Sciences Agronomiques)/UAC,6.4165556,2.3417778,ChIJ7-ziMjOoJBARMjh17Ttc328,"6°24'59. 2°20'30.4""E, 6 Voleurs, Godomey, Benin",Benin,https://fsa-faculte-des-sciences-agronomiquesuac.business.site/?utm_source=gmb&utm_medium=referral,"20000,20700,20701",1,"261195,241509,241507,241905,82651,241626,1081,240705,249786,242770,58847",177584
239679,Higher University of San Andrés (UMSA),-16.5047667,-68.1299168,ChIJ3T15IGUgX5ERdpnGbDTf9lM,"J.J.Perez, La Paz, Bolivia",Bolivia,http://www.umsa.bo/,"20000,20700,20704",1,"1758,239744,240686,48278,246742,212842",147320
245860,University Of Juba,4.8409282,31.59049989999999,ChIJY6EHca-BEhcR49HUltzPrBI,"University Road, Juba, South Sudan",South Sudan,NA,"10000,10201,10202",1,"242534,82651,130853,234054,248698",160867
259099,University KOUDOUGOU,12.2381543,-2.399531,ChIJfwP5aEsDLg4Rr9wZE_rtayk,"Avce Maurice Yameogo BP376, Koudougou, Burkina Faso",Burkina Faso,http://www.unz.bf/,"10000,10105,10605",1,"6101,249556,249557,257614",177295
250814,"College of Forestry, Wildlife and Tourism",-6.852747,37.6586405,ChIJgaTVe9ddWhgRwF2Mpf-EroY,"College of Forestry, Wildlife and Tourism, TZ, 3009, Tanzania",Tanzania,https://www.cfwt.sua.ac.tz/,"30000,30200,30207",1,"71,259072,71203",177386
243039,Agroecology Info Pool | Biovision,47.38696119999999,8.5262202,ChIJ33kMzxQKkEcRaNIPJO0Vjy8,"Heinrichstrasse 147, 8005 Zürich, Switzerland",Switzerland,https://www.agroecology-pool.org/,"30000,30200,30205",1,"1081,241698,242484,241606,232147,231018","152224,177582"
255714,Enviromental Care Community and Security Institute (ECCSi),16.8019413,96.1348105,ChIJ8df7ds_rwTARV5lL6h1sTfI,"R42M+QWF, Yangon, Myanmar (Burma)",NA,NA,"30000,30200,30206",1,"258775,242779,240146,53632,249581,238076,240943,230255,260171,226387,260169,255857,252868","152167,177592"
241626,Polytechnic University of Bobo Dioulasso,11.2099242,-4.4194729,ChIJ4TYsmyICNQ4Rx0_OvdtaoAM,"6H5J+X66, Dindéresso, Burkina Faso",Burkina Faso,http://www.univ-bobo.bf/,"20000,20700,20701,30000,30200,30209",1,"261195,82651,241507,249786,241905,241509,240705,1081,242770,107132,242551,238063,241614,241617,241619,241624,241621,242552,1447,241521,58847","152017,152154,177583,177584"
218544,Institut für Zellbiologie,46.9519098,7.4285831,ChIJ0e2h-KI5jkcRCEd4mxarBDU,"Baltzerstrasse 4, 3012 Bern, Switzerland",Switzerland,https://www.izb.unibe.ch/index_ger.html,"30000,30100,30103",1,"47846,255285",191762
239191,Indian Institute of Technology Bombay,19.1334302,72.9132679,ChIJOcDvifHH5zsRTonFxaTO_Wg,"Main Gate Rd, IIT Area, Powai, Mumbai, Maharashtra 400076, India",India,http://www.iitb.ac.in/,"10000,10403,10206",1,"239601,241595,251134,261344",177322
247359,Birzeit University,31.9591925,35.1820071,ChIJd1FQ9kUqHRURYNn30kByzFk,"West bank, Palestine, Birzeit",Birzeit,https://www.birzeit.edu/,"10000,10105",1,"6113,240710,239665,232184,253616,245453",171188
255903,Consultative Value Selling mit der PASCAL-Überzeugungstechnik ®,49.11385,7.860760099999999,ChIJZY8paeFflkcRXYQr88tuzz0,"Hauptmann-Hoffmann-Straße 25, 76891 Erlenbach bei Dahn, Germany",Germany,NA,"10000,10403,10206",1,"239601,246690,48578,242451","169430,194004"
241619,CSIR -Animal Research Institute,5.6291402,-0.2250963,ChIJ1fPWWl-Z3w8RTKnsPO7_XQI,"JQHF+MX2, Accra, Ghana",Ghana,NA,"30000,30200,30209",1,"107132,242551,238063,241614,241626,241617,241624,241621,242552,1447","152154,177583"
218329,Yaounde University II,3.9637335,11.5866291,ChIJyQ0VgBPHixARzl3n0_vrHbc,"Soa, Cameroon",Cameroon,http://www.univ-yaounde2.org/,"10000,10201",1,"6113,254366,3081,251085",160929
256335,Center for Addiction Studies,35.6739085,51.39453349999999,ChIJ1R6fdLYBjj8RdP3BkMn2QbA,"Tehran Province, Tehran, District 11, Karegar St, بیمارستان فارابی، Iran",NA,http://incas.tums.ac.ir/,"10000,10105,10605",1,"59659,220528,230792",194093
257942,Kwame Nkrumah University of Science and Technology,6.674688,-1.571728,ChIJCWqVOWyU2w8RXwGYsKKMhmc,"Kwame Nkrumah University of Science and Technology, Kumasi, Ghana",Ghana,http://www.knust.edu.gh/,"20000,20500,20511",1,"254738,252019,257941,1743,255915,255914,255913",193649
252868,Geographisches Institut,46.9527378,7.435243199999999,ChIJQe1GkL05jkcRZqPBJdo9Gr0,"Hallerstrasse 12, 3012 Bern, Switzerland",Switzerland,https://www.geography.unibe.ch/,"30000,30200,30206",1,"258775,249581,240146,238076,260171,53632,260169,255714,230255,255857,240943,226387,242779",177592
229553,Swiss Tropical And Public Health Institute,47.55592780000001,7.577431699999999,ChIJMQKj8wC5kUcRjBRGaJHolw0,"Socinstrasse 57, 4051 Basel, Switzerland",Switzerland,https://www.swisstph.ch/de/,"30000,30800,30812",1,"252930,244446,229552",160919
241077,Department Of Economics,5.651063199999999,-0.1874492,ChIJRX9l_X2c3w8R4lGpdqQrskI,"Accra, Ghana",Ghana,NA,"10000,10203",1,"248220,241078,240201,240198,240197,1454,244468,138287",147836
242484,zfghnhgr23,47.38181489999999,8.535326099999999,ChIJYTDEDlwLkEcRgS-Y0rJWVk8,"8000 Bern, Switzerland",Switzerland,NA,"30000,30200,30205",1,"1081,239726,239727,239725,240683,246229,241698,241606,243039,232147,231018","147278,152224,177582"
246705,Ifakara Health Institute,-8.1461592,36.6829205,ChIJL5b3JTKyVxgRThY8MUscT60,"Off Mlabani Passage, P. O. Box 53, Ifakara, Tanzania",Tanzania,http://ihi.or.tz/,"30000,30900,30911",1,"3448,246703,244398,246704,51863,229552",169461
244611,Geneva School of Economics and Management (GSEM),46.1946822,6.139558,ChIJXdRAhdV6jEcR1uCJ8Xblpc0,"Uni Mail, Bd du Pont d'Arve 40, 1205 Genève, Switzerland",Switzerland,http://www.unige.ch/gsem,"10000,10203",1,"240131,247342,247343,126726,5945","147718,171177"
247340,Women's International League For Peace and Freedom Nigeria,6.438167,7.506223200000001,ChIJ5xcx0eGjRBARAfXSipnjxkk,"2 Chaka Cres, Ogui 400102, Enugu, Nigeria",Nigeria,http://wilpf.org/,"10000,10201,10202",1,"253750,77288,247339,239617,239717,244869,242757",171176
254738,Swiss Federal Laboratories for Materials Science and Technology,47.402242,8.612047,ChIJsxOziaihmkcRJ_Rm4i2SByk,"Ueberlandstrasse 129, 8600 Dübendorf, Switzerland",Switzerland,http://www.empa.ch/,"20000,20500,20511",1,"252019,257942,257941,1743,255915,255914,255913",193649
233922,Université Félix Houphouët-Boigny,5.3470499,-3.985291599999999,ChIJ70OV94HswQ8RLEA3OjMOlR0,"82W7+RV8, Abidjan, Côte d’Ivoire",NA,http://univ-fhb.edu.ci/,"20000,20300,20301",1,"245436,239643",146919
249556,Higher Institute of Population Sciences,12.3774339,-1.5006329,ChIJOXQ0KEa-Lg4RiUkUj4gr2js,"03 BP 7118, Blvd Charles De Gaulle, Ouagadougou, Burkina Faso",Burkina Faso,NA,"10000,10105,10605",1,"6101,259099,249557,257614",177295
242661,CIFOR (Center for International Forestry Research),-6.552355599999999,106.7529327,ChIJG4ExhZDEaS4RpchmvndiPOA,"Jl. Raya Cifor, RT.03/RW.05, Situgede, Kec. Bogor Bar., Kota Bogor, Jawa Barat 16115, Indonesia",Indonesia,https://www.cifor.org/,"30000,30200,30206",1,"261067,242668,223117,241513,243035,242672,242667,242666,210229,220082,230163",152019
244372,Kathmandu University School of Education,27.6474505,85.3350834,ChIJUw2NiEIX6zkRKNBREdMbyMo,"गोदावरी रोड़, Lalitpur 44700, Nepal",Nepal,http://www.kusoed.edu.np/,"10000,10203",1,"256297,247889,246771,246772,51863,244279,139779","169632,194005"
255441,Environment Liaison Center International,-1.221931,36.896652,ChIJfwaPz8QVLxgRUFfjrXU2HKI,"Kasarani Off Thika Rd ICIPE Duduville Campus, Nairobi, Kenya",Kenya,NA,"30000,30100,30107",1,"54808,254529",189496
249557,University of Lomé,6.177378999999999,1.2130227,ChIJT0w05HXiIxAR0jR8YOmCT2M,"01BP1515, Lomé, Togo",Togo,http://www.univ-lome.tg/,"10000,10105,10605",1,"6101,249556,259099,257614",177295
249632,Universidad del Valle de Guatemala,14.603762,-90.48924799999999,ChIJb19HkamjiYUR8HVUR-FC7T0,"18 Avenida 11-95 Guatemala, 01015, Guatemala",Guatemala,http://www.uvg.edu.gt/,"10000,10201,10602",1,"857,249633,35073,5530,229552,261321",177385
3081,Global Studies Institute de l'Université de Genève,46.1989327,6.1381708,ChIJSwS48CxljEcRnc4LhiRp-g8,"Rue des Vieux-Grenadiers 10, 1205 Genève, Switzerland",Switzerland,NA,"10000,10201",1,"6113,218329,254366,251085",160929
249687,Philippine Coconut Authority - Zamboanga Research Center,6.993070299999999,121.9278969,ChIJD04gR0g5UDIREm7UOT-qKQ0,"San Ramon, Zamboanga City, Zamboanga del Sur, Philippines",Philippines,NA,"20000,20500,20510",1,"224160,249685,250819,240694,249686,250818,139587,227694",177480
253616,University of Geneva,46.199444,6.1451157,ChIJ3yKsR1FkjEcRIpuYmmtbIq0,"1205 Geneva, Switzerland",Switzerland,http://www.unige.ch/,"10000,10105",1,"6113,240710,239665,245453,247359,232184","146955,171188"
249681,Estación Experimental de Pastos y Forrajes Indio Hatuey,22.818856,-81.0136399,ChIJG9Z0Cwlp04gRzv4q4MKDz3I,"Central España Republicana, CP 44280, Cuba",Cuba,http://www.ihatuey.cu/,"30000,30200,30205",1,"249487,259342,249683,90107,249682",177346
249703,Agrarian University of Havana,22.9984812,-82.14880939999999,ChIJhwQTvUqD0ogRQPgq2I_TqXg,"XVX2+9FW, La Habana, Cuba",Cuba,https://www.unah.edu.cu/,"20000,20700,20709",1,"259342,238601,230309,90107",177481
261321,Dickinson College,40.2027462,-77.2008334,ChIJGX5zSyoeyYkRViBUZ1NlcwU,"28 N College St, Carlisle, PA 17013, United States",United States,http://www.dickinson.edu/,"10000,10201,10602",1,"857,249632,249633,35073,5530,229552",177385
245872,Modilon General Hospital,-5.2326616,145.7936061,ChIJ6UnKV9Lm9WgRJ1OLJ3K7aDA,"Modilon Rd, Madang, Papua New Guinea",Papua New Guinea,NA,"30000,30800,30808",1,"110,230503,245870",160909
255672,Basel Area Business & Innovation,47.5539357,7.595189099999999,ChIJ39CW17K5kUcRn6r5WS_KklA,"Dufourstrasse 11, 4010 Basel, Switzerland",Switzerland,https://www.baselarea.swiss/,"10000,10105,10104",1,"105908,244433,245880,244432,95106",160910
230503,PNG Institute of Medical Research,-6.080174599999999,145.3827238,ChIJ_ce3EJVzWGgRW-GdXqHN32A,"Homate Street, Goroka, Papua New Guinea",Papua New Guinea,http://www.pngimr.org.pg/,"30000,30800,30808",1,"110,245872,245870",160909
247343,FGV EAESP - Center of Excellence in Retail (GVcev),-23.5592595,-46.6538541,ChIJszWw5zpwVwERcnRSxXAhxR8,"Av. 9 de julho, 2029 Edifício John F. Kennedy - Bela Vista, São Paulo - SP, 01313-902, Brazil",Brazil,https://eaesp.fgv.br/,"10000,10203",1,"244611,240131,247342,126726,5945","147718,171177"
240700,Haute école de gestion Arc (HEG Arc),46.9983213,6.9408856,ChIJ2emhDSIKjkcReKPo2lQ3bW0,"Espa. de l'Europe 21, 2000 Neuchâtel, Switzerland",Switzerland,http://www.heg-arc.ch/,"20000,20500,20505",1,"224160,250819,249867,240694,230309,230519",147330
253750,University of Geneva,46.199444,6.1451157,ChIJ3yKsR1FkjEcRIpuYmmtbIq0,"1205 Geneva, Switzerland",Switzerland,http://www.unige.ch/,"10000,10201,10202",1,"239617,77288,96722,242757,238900,244869,249796,229363,246778,249519,210259,246127,244502,242143,247340,247339,239717,255125","146777,152034,171176,177591"
249671,"National Renewable Energy Center, Mongolia, NREC, Сэргээгдэх эрчим хүчний үндэсний төв",47.9072109,106.8535115,ChIJ7e5lfySTll0R1pM-6Zi6o4c,"WV43+VCJ, Ulaanbaatar, Mongolia",Mongolia,http://www.nrec.mn/,"20000,20800,20802",1,"32840,249672,2192,249670",177474
220082,EPFL Laboratoire de Machines hydrauliques,46.5131633,6.6205412,ChIJh5I7JtQvjEcRMH8V58ImG3E,"Bis, Av. de Cour 33, 1007 Lausanne, Switzerland",Switzerland,http://lmh.epfl.ch/,"30000,30200,30206",1,"261067,242668,223117,241513,243035,242672,242667,242666,242661,210229,230163,221664,227440","152019,177587"
245029,UP School of Economics,14.6559877,121.0733533,ChIJne710ma3lzMR_d-j8c9NmpY,"168 Osmeña Avenue, Diliman, Quezon City, Metro Manila, Philippines",Philippines,http://www.econ.upd.edu.ph/,"10000,10203",1,"247661,245028,243806,243804,239099,243807,7411,23069,236331","160374,183759"
239717,Center for Security and Peace Studies,-7.774246000000001,110.372984,ChIJXXKMG0pYei4RgZur9rT0O5k,"Universitas Gadjah Mada, JL. Sekip, No. K-9, Blimbing Sari, Caturtunggal, Kec. Depok, Kabupaten Sleman, Daerah Istimewa Yogyakarta 55281, Indonesia",Indonesia,NA,"10000,10201,10202",1,"253750,247340,77288,247339,239617,244869,242757",171176
244468,Department of Economics,23.7345094,90.39430349999999,ChIJ14Om7sG4VTcRlzsXuPwWQZc,"2nd Floor, Social Science Building, Dhaka, Bangladesh",Bangladesh,http://www.du.ac.bd/,"10000,10203",1,"248220,241078,240201,240198,240197,1454,241077,138287",147836
240198,Institut National de la Statistique,-18.9181216,47.5206647,ChIJJ2XcUAx-8CERqFqf9H93F5U,"3GJC+Q73, Antananarivo, Madagascar",Madagascar,http://www.instat.mg/,"10000,10203",1,"248220,241078,240201,240197,1454,241077,244468,138287",147836
99008,ETH Zürich,47.37638889999999,8.547628,ChIJ94xuUaagmkcRB3Y3tij0YUs,"Rämistrasse 101, 8092 Zürich, Switzerland",Switzerland,https://ethz.ch/de.html,"20000,20700,20701",1,"227440,239612,249581,218520,220554",146791
241078,"University of the Witwatersrand, Johannesburg",-26.1928836,28.0304733,ChIJeZ5x_rU9lR4RuvhwvtOyY50,"1 Jan Smuts Ave, Braamfontein, Johannesburg, 2000, South Africa",South Africa,http://www.wits.ac.za/,"10000,10203",1,"248220,240201,240198,240197,1454,241077,244468,138287",147836
243806,Institute For Health Policy,6.915341,79.85988239999999,ChIJJ5YaOGxZ4joRlXG7MMpAgKw,"WV85+4XJ, Colombo 00700, Sri Lanka",Sri Lanka,http://www.ihp.lk/,"10000,10203",1,"247661,245028,245029,243804,239099,243807,7411,23069,236331","160374,183759"
232184,LINC - Instituut Criminologie,50.87759500000001,4.706050299999999,ChIJ_f0iT9ZgwUcR3hLa7n9k6Tk,"Herbert Hooverplein 10, 3000 Leuven, Belgium",Belgium,http://law.kuleuven.be/linc,"10000,10105",1,"6113,240710,247359,239665,253616,245453",171188
254198,"Department of Economics, Tribhuvan University, Nepal",27.6812901,85.2827531,ChIJd62qV20Y6zkR4NsPacjTGWo,"M7JM+G46, Kirtipur 44600, Nepal",Nepal,NA,"10000,10203",1,"124343,253770",188830
218520,Centre National de Recherches sur l'Environnement,-18.9330468,47.5245536,ChIJSSfrsHl-8CER37AJx5diMIM,"Rasoanaivo Cherles, Antananarivo, Madagascar",Madagascar,http://cnre.recherches.gov.mg/,"20000,20700,20701",1,"227440,239612,249581,99008,220554",146791
256297,ETH Zürich,47.37638889999999,8.547628,ChIJ94xuUaagmkcRB3Y3tij0YUs,"Rämistrasse 101, 8092 Zürich, Switzerland",Switzerland,https://ethz.ch/de.html,"10000,10203",1,"247889,246771,246772,51863,244372,244279,139779","169632,194005"
229363,"The Graduate Institute, Geneva (IHEID)",46.2209088,6.1436432,ChIJJ5vlO-JkjEcRuRHZyflX0XU,"Chem. Eugène-Rigot 2A, 1202 Genève, Switzerland",Switzerland,http://graduateinstitute.ch/,"10000,10201,10202",1,"253750,249796,246778,249519,210259,246127,242757,244502,242143",152034
231915,"ZHAW Campus Grüental (GA), School of Life Sciences and Facility Management",47.2188986,8.679543599999999,ChIJ5R7ghRiumkcRtH3vSMK4V4o,"Grüentalstrasse 14, 8820 Wädenswil, Switzerland",Switzerland,https://www.zhaw.ch/lsfm,"30000,30200,30205",1,"250813,241934",177515
259082,Lushoto Silviculture Research Centre (LSRC),-4.7898681,38.2952562,ChIJc_FIqhSVRhgRdNg4iUXuVRs,"676W+342, Lushoto, Tanzania",Tanzania,http://www.tafori.or.tz/module1.php?id=44,"30000,30200,30207",1,"107132,242777,241649,230460,243041,241567,242776,242775,230255,242779,132490,259649,243768,233998","152085,177588"
243035,WWF Colombia,4.6547198,-74.0602426,ChIJd7jXr0SaP44Rs1TXDqhi--s,"Cra. 10a ## 69 A - 44, Bogotá, Colombia",Colombia,http://www.wwf.org.co/,"30000,30200,30206",1,"261067,242668,223117,241513,242672,242667,242666,242661,210229,220082,230163,221664,227440","152019,177587"
249682,National Center for Animal and Plant Health,22.9913232,-82.15342509999999,ChIJS7XqYcmc0ogRyMNQUBvYUKQ,"Autopista Nacional 23km 1/2, Carretera, San José de las Lajas, Cuba",Cuba,NA,"30000,30200,30205",1,"249487,259342,249683,249681,90107",177346
48278,ETH Zürich,47.37638889999999,8.547628,ChIJ94xuUaagmkcRB3Y3tij0YUs,"Rämistrasse 101, 8092 Zürich, Switzerland",Switzerland,https://ethz.ch/de.html,"20000,20700,20704",1,"1758,239744,239679,240686,246742,212842",147320
258101,"Department of Biology, University of Fribourg",46.7933184,7.1550197,ChIJy5CcDotpjkcRN0v0Fg-ZdKs,"Route Albert-Gockel 3, Chem. du Musée 10, 1700 Fribourg, Switzerland",Switzerland,http://www.unifr.ch/bio,"30000,30400,30401",1,"247784,254912,258191,255836",198887
249633,Universidad Católica Sedes Sapientiae,-11.9952316,-77.06708619999999,ChIJpYNUm1fOBZERcqmSGdSm2xo,"Manuel Gonzales Prada 398, Los Olivos 15301, Peru",Peru,https://www.ucss.edu.pe/,"10000,10201,10602",1,"857,249632,35073,5530,229552,261321",177385
239715,San Carlos University,14.5873005,-90.55336129999999,ChIJDQTTkTyhiYURAkZ03RAIHsQ,"11 Avenida, Cdad. de Guatemala 01012, Guatemala",Guatemala,http://www.usac.edu.gt/,"10000,10201,10202",1,"236390,121316,247315,239702,239705,239716,216945,233813,239765,236544","147210,171175"
242873,Swiss Tropical And Public Health Institute,47.55592780000001,7.577431699999999,ChIJMQKj8wC5kUcRjBRGaJHolw0,"Socinstrasse 57, 4051 Basel, Switzerland",Switzerland,https://www.swisstph.ch/de/,"30000,30900,30911",1,"3448,238405,230492,51863,240143,253076,246379,244222",160373
244410,Universidade Lúrio,-15.1166707,39.2081565,ChIJCQAAu0U2xhgR5zUiXVITy2M,"V6M5+87M, Nampula, Mozambique",Mozambique,http://www.unilurio.ac.mz/,"10000,10201,10202",1,"51863,241097,253594",160897
254940,Yazd Shahid Sadoughi University of Medical Sciences Campus,31.84275469999999,54.339048,ChIJPX9X2uQbpj8RdEbAT4chJo0,"R8VQ+4J3, Yazd, Yazd Province, Iran",Iran,http://ssu.ac.ir/,"30000,30800,30807",1,79308,190277
214935,Hospital for Tropical Diseases,13.766465,100.533688,ChIJsW8cD7qe4jARvCNLEXZx97c,"420/6 Ratchawithi Rd, Thung Phaya Thai, Ratchathewi, Bangkok 10400, Thailand",Thailand,https://www.tm.mahidol.ac.th/hospital/index-th.php,"30000,30300,30307",1,191,193925
241698,IER/SIKASSO,11.3250655,-5.6677973,ChIJm7CBbNJVSg4Rx9fBxAhp0iM,"Unnamed Road, Mali",Mali,NA,"30000,30200,30205",1,"1081,242484,241606,243039,232147,231018","152224,177582"
32840,Departement Erdwissenschaften,47.3786553,8.547169799999999,ChIJ7wS2_6agmkcRxyVCdvewGko,"Sonneggstrasse 5, 8092 Zürich, Switzerland",Switzerland,https://erdw.ethz.ch/,"20000,20800,20802",1,"249671,249672,2192,249670",177474
246229,FiBL - Research Institute of Organic Agriculture,47.516939,8.025083,ChIJV2J9KrZHkEcRH1IKjqoKSH4,"Ackerstrasse 113, 5070 Frick, Switzerland",Switzerland,http://www.fibl.org/,"30000,30200,30205",1,"1081,239726,239727,242484,239725,240683",147278
7411,HEC Lausanne,46.5223323,6.584319600000001,ChIJO9PnfKwxjEcRiY_qC9G2eok,"Quartier de Chambronne, Internef 261, 1015 Lausanne, Switzerland",Switzerland,https://www.unil.ch/hec/fr/home.html,"10000,10203",1,"247661,245028,243806,245029,243804,239099,243807,23069,236331","160374,183759"
139587,"Berner Fachhochschule BFH, Architektur, Holz und Bau",47.1586997,7.2762495,ChIJFfpEg90ejkcRjjSH_fhkqCg,"Solothurnstrasse 102, 2500 Biel, Switzerland",Switzerland,http://www.bfh.ch/ahb,"20000,20500,20510",1,"224160,249685,250819,240694,249686,249687,250818,227694",177480
249487,Ithaka Institut,46.2736212,7.385136499999999,ChIJl4S10ADejkcRljrxqsQIidk,"Rue de l'Ancienne Eglise 9, 1974 Arbaz, Switzerland",Switzerland,http://www.ithaka-institut.org/de/contact,"30000,30200,30205",1,"259342,249683,249681,90107,249682",177346
260171,Goethe University Frankfurt,50.1270675,8.6677635,ChIJ10izLFsJvUcRs2vFqTOSKk8,"60323 Frankfurt, Germany",Germany,https://www.uni-frankfurt.de/de?locale=de,"30000,30200,30206",1,"258775,242779,255714,240146,53632,249581,238076,240943,230255,226387,260169,255857,252868","152167,177592"
6684,Department of Social Anthropology and Cultural Studies,47.4132178,8.548773599999999,ChIJGzIpeYMKkEcRtgNniKyn8bo,"Andreasstrasse 15, 8050 Zürich, Switzerland",Switzerland,http://www.isek.uzh.ch/,"10000,10403",1,"6700,239729",147350
247315,Tata Institute of Social Sciences,19.0446964,72.91248399999999,ChIJa5mR9QjG5zsRPOAO8OK322k,"VN Purav Marg, Deonar, Chembur, Mumbai, Maharashtra 400088, India",India,http://www.tiss.edu/,"10000,10201,10202",1,"236390,121316,239702,239705,239716,239715,216945,233813,239765,236544","147210,171175"
245878,Institute of Space Technology,33.5192819,73.1775169,ChIJRzKe1Aby3zgRxZL6P9lzacM,"Toll Plaza، 1 Islamabad Highway Near Rawat، Sector H DHA Phase II, Islamabad, Islamabad Capital Territory 44000, Pakistan",Pakistan,http://www.ist.edu.pk/,"20000,20500,20506",1,"230075,245879,244428",160906
245509,EPFL Valais,46.2267984,7.3612921,ChIJp1NwgyTcjkcRyy0R3xVAkIA,"Rue de l'Industrie 17, 1950 Sion, Switzerland",Switzerland,http://valais.epfl.ch/,"20000,20500,20502",1,"242011,244440,245881,228142,218004",160914
249588,CIDRZ Head Office Zambia,-15.4091224,28.3196763,ChIJGRkbSrz0QBkREVbTZ9jZLO0,"CIDRZ Head Office,, Lusaka, Zambia",Zambia,http://www.cidrz.org/,"30000,30900,30911",1,"253398,249587",177319
243804,Public Health Foundation of India,28.5271296,77.2167254,ChIJMzu3tDQcDTkRk3s38kqqkZ4,"D-4, Unit No. 316, 3rd Floor, Court Chowk Road Rectangle -1 Building, Plot No, Saket District Centre, New Delhi, Delhi 110017, India",India,http://www.phfi.org/,"10000,10203",1,"247661,245028,243806,245029,239099,243807,7411,23069,236331","160374,183759"
239730,Nouna Health Research Center,12.7285324,-3.8590852,ChIJq6rqH_nWNg4RRctJu9grbkw,"Rue Namory Kéita, Nouna, Burkina Faso",Burkina Faso,http://www.crsn-nouna.bf/,"30000,30900,30912",1,"3448,239729,228591,252930",147286
241905,ETH Zürich,47.37638889999999,8.547628,ChIJ94xuUaagmkcRB3Y3tij0YUs,"Rämistrasse 101, 8092 Zürich, Switzerland",Switzerland,https://ethz.ch/de.html,"20000,20700,20701",1,"261195,241626,82651,241507,249786,241509,240705,1081,242770,241521,58847","152017,177584"
228591,Swiss Tropical And Public Health Institute,47.55592780000001,7.577431699999999,ChIJMQKj8wC5kUcRjBRGaJHolw0,"Socinstrasse 57, 4051 Basel, Switzerland",Switzerland,https://www.swisstph.ch/de/,"30000,30900,30912",1,"3448,239729,252930,239730",147286
246127,"The Graduate Institute, Geneva - Executive Education",46.2209596,6.143570299999999,ChIJN8IU-htljEcRWliKI9zR3jw,"Chem. Eugène-Rigot 2, 1202 Genève, Switzerland",Switzerland,https://www.graduateinstitute.ch/home/executive.html,"10000,10201,10202,30000,30900,30911",1,"253750,249796,229363,246778,249519,210259,242757,244502,242143,243760,261323,256806,257165,261322,243793,246267,246117,251123","152034,160366"
241624,Polytechnic University of Bobo Dioulasso,11.2099242,-4.4194729,ChIJ4TYsmyICNQ4Rx0_OvdtaoAM,"6H5J+X66, Dindéresso, Burkina Faso",Burkina Faso,http://www.univ-bobo.bf/,"30000,30200,30209",1,"107132,242551,238063,241614,241626,241617,241619,241621,242552,1447","152154,177583"
231018,Zurich University of Applied Sciences,47.4998714,8.7203021,ChIJUdaPx3CZmkcRyrYw9-bnp_k,"Gertrudstrasse 15, 8400 Winterthur, Switzerland",Switzerland,https://www.zhaw.ch/,"30000,30200,30205",1,"1081,242484,241606,241698,243039,232147",177582
253770,"Department of Management, Technology, and Economics, ETH Zurich",47.381712,8.544163,ChIJZaArBQoKkEcRFgaMQmuibZw,"Weinbergstrasse 56/58, 8006 Zürich, Switzerland",Switzerland,https://www.mtec.ethz.ch/,"10000,10203",1,"124343,254198",188830
253594,Institute for computer science,46.9538541,7.439637299999999,ChIJz8xOj5U5jkcRRKUKmLtcIoM,"Neubrückstrasse 10, 3012 Bern, Switzerland",Switzerland,http://www.inf.unibe.ch/,"10000,10201,10202",1,"51863,244410,241097",160897
256806,USI Università della Svizzera italiana,46.0107081,8.9581559,ChIJwwabNpgthEcRCUtLfZifj2E,"Via Giuseppe Buffi 13, 6900 Lugano, Switzerland",Switzerland,https://www.usi.ch/,"30000,30900,30911",1,"243760,246127,261323,257165,261322,243793,246267,246117,251123",160366
255285,University of Jaffna Faculty of Science யாழ்ப்பாண பல்கலைக்கழகம் விஞ்ஞான பீடம்,9.684889,80.0211626,ChIJYetAahJU_joRoSC5wqyGX0Y,"M2MC+XF3, Jaffna 40000, Sri Lanka",Sri Lanka,http://www.sci.jfn.ac.lk/,"30000,30100,30103",1,"47846,218544",191762
255836,"Faculté des sciences et de médecine, Université de Fribourg",46.79378579999999,7.1560795,ChIJWyFxm9dojkcRPgWDQzmp4PU,"Chem. du Musée, 1700 Fribourg, Switzerland",Switzerland,http://www.unifr.ch/science/,"30000,30400,30401",1,"247784,254912,258191,258101",198887
212598,Département de biochimie,46.5426916,6.6641675,ChIJMXhdZGMujEcRXOTHw742qMk,"Département de biochimie, 1066 Epalinges, Switzerland",Switzerland,NA,"30000,30300,30307",1,218534,190140
256886,"Great Golden Glory Co.,Ltd.",16.8184185,96.1957778,ChIJWYBsXtXswTARCLcvvATeDew,"23rd Quarter, Khayapin Street, Thuwunna Yangon MM 11072, Thuwunna Bridge, Yangon, Myanmar (Burma)",NA,http://www.greatgoldenglory.com/,"30000,30700,30712",1,"249624,244376,255304,255694,244377,3448",160876
240201,Foreign Trade University,21.023033,105.805437,ChIJCflhUV2rNTER4yviDFCvr00,"91 Chùa Láng, Láng Thượng, Đống Đa, Hà Nội, Vietnam",Vietnam,http://ftu.edu.vn/,"10000,10203",1,"248220,241078,240198,240197,1454,241077,244468,138287",147836
216418,Swiss Federal Institute of Aquatic Science and Technology,47.4038135,8.6097632,ChIJr-jr3qehmkcRMfRU__G-l2A,"Ueberlandstrasse 133, 8600 Dübendorf, Switzerland",Switzerland,http://www.eawag.ch/,"20000,20700,20701",1,"261195,256461,234120,1081,242770",194252
239643,Universidad de Antioquia,6.2677479,-75.5688416,ChIJL3fIyeAoRI4RKy6b5uznzBA,"Cl. 67 ##53-108, Medellín, Antioquia, Colombia",Colombia,http://www.udea.edu.co/,"20000,20300,20301",1,"245436,233922",146919
246690,Hue University of Agriculture and Forestry,16.4775051,107.5728643,ChIJI0LSMS2hQTERUicqybhtD4Q,"102 Phùng Hưng, Thuận Thành, Thành phố Huế, Thừa Thiên Huế, Vietnam",Vietnam,https://huaf.edu.vn/,"10000,10403,10206",1,"239601,255903,48578,242451","169430,194004"
246778,"Institute of Statistical, Social and Economic Research(ISSER)",5.6544922,-0.1844072,ChIJmxuPRYac3w8RSaXx1bUnRio,"P.O BoX LG 74 legon- Accra, Botanical Gardens Rd, Accra, Ghana",Ghana,https://isser.ug.edu.gh/,"10000,10201,10202",1,"253750,249796,229363,249519,210259,246127,242757,244502,242143,255125","152034,177591"
239617,Indonesian Consortium for Religious Studies (ICRS),-7.7648806,110.3774899,ChIJ9SaEW01Yei4RHbmWmkquUHo,"Gedung Pasca Sarjana UGM, 3rd - 4th Floor, JL. Teknika Utara, Pogung, Kocoran, Caturtunggal, Kec. Depok, Kabupaten Sleman, Daerah Istimewa Yogyakarta 55281, Indonesia",Indonesia,http://icrs.ugm.ac.id/,"10000,10201,10202",1,"253750,77288,96722,242757,238900,244869,247340,247339,239717","146777,171176"
5945,University of Geneva,46.199444,6.1451157,ChIJ3yKsR1FkjEcRIpuYmmtbIq0,"1205 Geneva, Switzerland",Switzerland,http://www.unige.ch/,"10000,10203",1,"247342,244611,240131,247343",171177
239665,Department of Philosophy,7.2548091,80.5993137,ChIJa84DD3Jp4zoRB1AdM-1my88,"7H3X+WPG, Sri Lanka",Sri Lanka,http://arts.pdn.ac.lk/philosophy/,"10000,10105",1,"6113,240710,245453,253616,247359,232184","146955,171188"
256147,Vidyasirimedhi Institute of Science and Technology,13.0020925,101.4435544,ChIJib40xPojAzERRpTd1sXk__c,"555 หมู่ 1, Pa Yup Nai, Wang Chan District, Rayong 21210, Thailand",Thailand,https://www.vistec.ac.th/,"30000,30100,30101",1,135442,193915
242775,University of Stellenbosch - Department of Botany & Zoology,-33.9321854,18.8633889,ChIJEZJ7CWiyzR0RE_cTZU_SNvA,"Natural Sciences, Merriman Ave, Stellenbosch Central, Stellenbosch, 7600, South Africa",South Africa,NA,"30000,30200,30207",1,"107132,242777,259082,241649,230460,243041,241567,242776,230255,242779,132490,259649",152085
191,University of Geneva,46.199444,6.1451157,ChIJ3yKsR1FkjEcRIpuYmmtbIq0,"1205 Geneva, Switzerland",Switzerland,http://www.unige.ch/,"30000,30300,30307",1,214935,193925
57979,Centre coordonné d'oncologie du CHUV,46.52477020000001,6.6436515,ChIJvzNk3zcujEcRNosJ_OqQoVU,"Rue du Bugnon 46, 1011 Lausanne, Switzerland",Switzerland,http://www.chuv.ch/fr/chuv-home/,"30000,30400,30401",1,"256613,96695",198747
224425,ETH Zürich,47.37638889999999,8.547628,ChIJ94xuUaagmkcRB3Y3tij0YUs,"Rämistrasse 101, 8092 Zürich, Switzerland",Switzerland,https://ethz.ch/de.html,"10000,10403,10206",1,"227440,261067,249581,230163",146852
139779,ETH Zürich KOF,47.37808500000001,8.5461077,ChIJSUMX2QkKkEcRwTBq0x1Q128,"Leonhardstrasse 21, 8092 Zürich, Switzerland",Switzerland,https://www.kof.ethz.ch/,"10000,10203",1,"256297,247889,246771,246772,51863,244372,244279","169632,194005"
231345,Adolphe Merkle Institute,46.79294480000001,7.1549003,ChIJbXP61MlojkcRfAFOF3Aa2bA,"Chem. des Verdiers 4, 1700 Fribourg, Switzerland",Switzerland,https://www.ami.swiss/,"20000,20500,20505",1,258274,199067
241649,CABI Africa,-1.2513672,36.8187484,ChIJE7H1jb4XLxgRCMxFCwRKhaM,"673 Canary Bird, Limuru Rd, Nairobi, Kenya",Kenya,http://www.cabi.org/,"30000,30200,30207",1,"107132,242777,259082,230460,243041,241567,242776,242775,230255,242779,132490,259649,243768,233998","152085,177588"
239765,Université Félix Houphouët-Boigny,5.3470499,-3.985291599999999,ChIJ70OV94HswQ8RLEA3OjMOlR0,"82W7+RV8, Abidjan, Côte d’Ivoire",NA,http://univ-fhb.edu.ci/,"10000,10201,10202",1,"236390,121316,239715,239702,247315,239716,216945,236544",171175
1743,Swiss Federal Laboratories for Materials Science and Technology,47.402242,8.612047,ChIJsxOziaihmkcRJ_Rm4i2SByk,"Ueberlandstrasse 129, 8600 Dübendorf, Switzerland",Switzerland,http://www.empa.ch/,"20000,20500,20511",1,"254738,252019,257942,257941,255915,255914,255913",193649
254529,School of Science,3.0647381,101.6007148,ChIJV_PCOo5MzDERf4sYamESX24,"47500 Subang Jaya, Selangor, Malaysia",Malaysia,https://www.monash.edu.my/science,"30000,30100,30107",1,"54808,255441",189496
243072,Quantis,47.374194,8.522868899999999,ChIJnYLTiQ8KkEcRDo9YMzYKgrg,"Badenerstrasse 141, 8004 Zürich, Switzerland",Switzerland,https://quantis-intl.com/,"10000,10403,10206",1,"230255,233998,239634,239633",146875
1447,Schweizerischer Nationalfonds SNF,46.949211,7.432405999999999,ChIJ254lmLw5jkcRizYCYBshS9A,"Wildhainweg 3, 3001 Bern, Switzerland",Switzerland,http://www.snf.ch/,"30000,30200,30209",1,"107132,242551,238063,241614,241626,241617,241619,241624,241621,242552",152154
