institute_id,gmaps_id,gmaps_lat,gmaps_lng,gmaps_name,gmaps_addr,gmaps_country
240197,ChIJJ8qtEZNPsRcRWjRHGgEFkX0,7.0510585,38.4970211,Hawassa University,"Awassa, Äthiopien",Athiopien
230492,ChIJ6zJ8xDZMXBgR1W72AezkwIw,-6.7659369,39.2539683,Ifakara Health Institute (IHI),"Kiko Ave, Dar es Salaam, Tansania",Tansania
255913,ChIJ250Fv_GYNQkRmP-3zVjEzl8,14.9071325,-23.5149586,ECREEE Headquarters,"Av. OUA C.P. 288, Praia, Kapverden",Kapverden
247339,ChIJVVVVBPIMThAR_bhTyKCGRlw,8.9984456,7.4711008,WOMEN’S RIGHT TO EDUCATION PROGRAMME,"Suites D1-D4, 3rd Floor AMWAR Plaza,near Gudu Market Junction Gudu District, Apo Roundabout, Garki, Abuja, Nigeria",Nigeria
255914,ChIJqwtORfma3w8RjHLzeKJ1B9Y,5.5979975,-0.1828841,Energy Commission,"Ghana Airways Ave, Accra, Ghana",Ghana
1081,ChIJV2J9KrZHkEcRH1IKjqoKSH4,47.516939,8.025083,FiBL - Forschungsinstitut für biologischen Landbau,"Ackerstrasse 113, 5070 Frick, Schweiz",Schweiz
238063,ChIJV1NCwhAKjkcRfAeyqgbpmqs,46.9938549,6.9387031,Universität Neuenburg,"Avenue du Premier-Mars 26, 2000 Neuchâtel, Schweiz",Schweiz
239727,ChIJSUcfsvma3w8RQXxNmHLiDpI,5.595103000000001,-0.1843439,CSIR - Water Research Institute,"Accra, Ghana",Ghana
241507,ChIJCWkmww_yORARhtE-MSaS-3A,7.5014243,3.9099205,The International School of IITA Ibadan,"IITA Entrance Rd, Ibadan, Nigeria",Nigeria
240143,ChIJe22ykXmb3w8RDSXT1frkKcc,5.636787399999999,-0.1826353,School of Public Health,"Accra, Ghana",Ghana
244432,ChIJzaVH6V2NORARU9PB2beoRWM,7.400447400000001,3.9006306,"Oladele Ajose Building, Faculty Of Public Health","Agodi, Ibadan, Nigeria",Nigeria
249786,ChIJ70OV94HswQ8RLEA3OjMOlR0,5.3470499,-3.985291599999999,Universität Félix Houphouët-Boigny,"Abidjan, Côte d’Ivoire",NA
254366,ChIJB5uTt6MAuA8RlQHyw9oUp0w,7.6864226,-5.0667005,Université Alassane Ouattara,"BP V 18 01, Bouaké, Côte d’Ivoire",NA
230460,ChIJA6jE5ImFSxYRJPQnueMk57o,9.033506299999999,38.7636817,Universität Addis Abeba,"NBH1, 4killo King George VI St, Addis Ababa, Äthiopien",Athiopien
246712,ChIJYTW_0D8MlR4RCt8veT-G3q8,-26.1774306,28.0449097,Wits Parktown Education Campus,"27 St Andrews Rd, Parktown, Johannesburg, 2193, Südafrika",Sudafrika
244446,ChIJb19HkamjiYUR8HVUR-FC7T0,14.603762,-90.48924799999999,Universidad del Valle de Guatemala,"18 Avenida 11-95 Guatemala, 01015, Guatemala",Guatemala
210259,ChIJg6Qjjb45jkcR0ieyN-hOczw,46.9557412,7.4356334,Interdisziplinäres Zentrum für Geschlechterforschung,"Mittelstrasse 43, 3012 Bern, Schweiz",Schweiz
239726,ChIJY3HYdmib3w8R_aRJXEsJ86A,5.6352598,-0.16959369999999999,Global Communities,"Tripoli St, Accra, Ghana",Ghana
246742,ChIJG6N6NUYhX5ERc-s-vBrKyJI,-16.538422,-68.0684727,Carrera de Física-UMSA,"Calle 27, La Paz, Bolivien",Bolivien
240943,ChIJVT-GkL05jkcRBVnXQeFm02E,46.9557933,7.4356788,Centre for Development and Environment,"Mittelstrasse 43, 3012 Bern, Schweiz",Schweiz
240131,ChIJq9CFKZ2Q3w8R6LPKk6NVVtk,5.5589958,-0.1965617,African Center for Economic Transformation,"50 African Unity Circle, Accra, Ghana",Ghana
255915,ChIJc6e3soSQ3w8R0y0OZdhO0b4,5.6037168,-0.1869644,Accra,"Accra, Ghana",Ghana
249867,ChIJ_aj9z9K3lzMRYMYv6ITGN10,14.6270344,121.0607241,PhilTeq Enterprise Inc.,"ZIP 1102, #935 Aurora Boulevard, corner Pittsburgh, Quezon City, Philippinen",Philippinen
240694,ChIJAdcqiECXBzMRn7eZK7piUp8,10.744397,124.79207100000001,Visayas State University,"Pangasugan, Baybay City, 6521 Leyte, Philippinen",Philippinen
257614,ChIJubx18aoxjEcRKKylyWpyNgk,46.5210895,6.5801606,Université de Lausanne,"1015 Lausanne, Schweiz",Schweiz
239725,ChIJExiOT6wLkEcR9IujcTwWxOA,47.4024413,8.498547199999999,Biotech Concepts GmbH,"Regensdorferstrasse 5, 8049 Zürich, Schweiz",Schweiz
230255,ChIJDWEotJ85jkcRRP-8NWlTN-E,46.9504896,7.438119,Universität Bern,"Hochschulstrasse 6, 3012 Bern, Schweiz",Schweiz
251123,ChIJwwabNpgthEcRCUtLfZifj2E,46.0107081,8.9581559,USI Università della Svizzera italiana,"Via Giuseppe Buffi 13, 6900 Lugano, Schweiz",Schweiz
135442,ChIJP6Ls3f0wjEcRcrKTf6s0zLs,46.5190557,6.5667576,École Polytechnique Fédérale de Lausanne,"Route Cantonale, 1015 Lausanne, Schweiz",Schweiz
1454,ChIJ_yjtk9V6jEcRy3hLEksXCpY,46.1952445,6.1395198,Faculty Of Science Company,"Boulevard du Pont-d'Arve 40, 1205 Genève, Schweiz",Schweiz
6113,ChIJi7zEMKkxjEcRBTbb-kFIEFg,46.5265728,6.5794921,Faculty Of Science Sociales Et Politiques,"1022 Chavannes-près-Renens, Schweiz",Schweiz
132490,ChIJDWEotJ85jkcRRP-8NWlTN-E,46.9504896,7.438119,Universität Bern,"Hochschulstrasse 6, 3012 Bern, Schweiz",Schweiz
221664,ChIJP6Ls3f0wjEcRcrKTf6s0zLs,46.5190557,6.5667576,École Polytechnique Fédérale de Lausanne,"Route Cantonale, 1015 Lausanne, Schweiz",Schweiz
90107,ChIJi-EqC94KkEcR1GKO8rRappQ,47.428918,8.5163478,Eidg. Forschungsanstalt Agroscope Reckenholz-Tänikon (ART),"Reckenholzstrasse 191, 8046 Zürich, Schweiz",Schweiz
249672,ChIJ47WfwB-Sll0RxmGQiu6WEAs,47.92120449999999,106.9542446,Institute of Astronomy and Geophysics,"Ulaanbaatar, Mongolei",Mongolei
255827,ChIJgU6Zj4sKkEcR6O8wr4zTHcA,47.4111337,8.5333494,Happy Togo,"Affolternstrasse 140, 8050 Zürich, Schweiz",Schweiz
107132,ChIJS1JenJ3okUcRZj9VU5uUX74,47.3730778,7.3248915,CABI Europe-Switzerland,"Rue des Grillons 1, 2800 Delémont, Schweiz",Schweiz
6700,ChIJg5HE6QMKkEcR-m6y43Djh2w,47.370881,8.534587,Völkerkundemuseum der Universität Zürich,"Pelikanstrasse 40, 8001 Zürich, Schweiz",Schweiz
245881,ChIJO8FDSdGbP44RsPaffWYw5T0,4.6381938,-74.08404639999999,Universidad Nacional de Colombia,"Cra 45, Bogotá, Kolumbien",Kolumbien
243760,ChIJ_axHbtJ6jEcRobdy4NLhwgM,46.1939998,6.1487304,Hug Medicine Tropicale Et Humanitaire,"Rue Gabrielle-Perret-Gentil 6, 1205 Genève, Schweiz",Schweiz
229552,ChIJMQKj8wC5kUcRjBRGaJHolw0,47.55592780000001,7.577431699999999,Schweizerisches Tropen- und Public Health-Institut,"Socinstrasse 57, 4051 Basel, Schweiz",Schweiz
248110,ChIJ04mRsTL9ahYR55UeMsX6iTE,13.4810249,39.4860632,Ethiopian Institute of Technology Mekelle,"Mek'ele, Äthiopien",Athiopien
5530,ChIJVbSPbjJpjkcRGdtTo-6IwUw,46.806357,7.152006,Universität Freiburg,"Avenue de l'Europe 20, 1700 Fribourg, Schweiz",Schweiz
234054,ChIJP2Izriqf4jARkyA8pkMGHkI,13.7382832,100.5324698,Chulalongkorn Universität,"254 Phayathai Rd, Wang Mai, Pathum Wan District, Bangkok 10330, Thailand",Thailand
252326,ChIJaQx4mmwujEcR2lGTqqiNJdw,46.5409336,6.648158,Haute École de travail social et de la santé,"Chemin des Abeilles 14, 1010 Lausanne, Schweiz",Schweiz
234643,ChIJe0QHOhlljEcRff8Sc6ks8x4,46.2197263,6.150741099999999,Geneva Academy Of International Humanitarian Law And Human Rights,"Rue de Lausanne 120B, 1202 Genève, Schweiz",Schweiz
224160,ChIJFfpEg90ejkcRjjSH_fhkqCg,47.1586997,7.2762495,"Berner Fachhochschule BFH, Architektur, Holz und Bau","Solothurnstrasse 102, 2500 Biel, Schweiz",Schweiz
243041,ChIJuSP-j7wZLxgRRh_H7blgeAk,-1.2593453,36.7508756,Kenya Agricultural Research Institute - Headquarters,"Nairobi, Kenia",Kenia
246703,ChIJtxe_JislJxAREm2PNasvMqc,6.6032343,0.4758539,University of Health and Allied Sciences,"UHAS Main Campus at Sokode-Lokoe PMB 31, Ho, Ghana",Ghana
240145,ChIJX5HAKuum3BkRMVwaOwceUT4,-1.9434874,30.0897064,International Centre for Tropical Agriculture (CIAT),"KG 563 St, Kigali, Ruanda",Ruanda
249685,ChIJDfA94XI6jkcRvxKgu1lMdHk,46.9918182,7.468039500000001,"Berner Fachhochschule BFH, Hochschule für Agrar-, Forst- und Lebensmittelwissenschaften HAFL","Länggasse 85, 3052 Zollikofen, Schweiz",Schweiz
253398,ChIJMQKj8wC5kUcRjBRGaJHolw0,47.55592780000001,7.577431699999999,Schweizerisches Tropen- und Public Health-Institut,"Socinstrasse 57, 4051 Basel, Schweiz",Schweiz
236544,ChIJ94xuUaagmkcRB3Y3tij0YUs,47.37638889999999,8.547628,Eidgenössische Technische Hochschule Zürich,"Rämistrasse 101, 8092 Zürich, Schweiz",Schweiz
233813,ChIJDdRk4gkKkEcRmkZL2ho-iko,47.3803892,8.5445045,The Center for Security Studies (CSS) at ETH Zurich,"Haldeneggsteig 4, 8006 Zürich, Schweiz",Schweiz
247644,ChIJizDgySx7jEcReBkxJry3TM0,46.1944338,6.1507364,Section Des Sciences Pharmaceutiques,"Rue Michel-Servet 1, 1206 Genève, Schweiz",Schweiz
246772,ChIJhdWRcanFYpYRqLyI7TNiUXI,-33.444501700000004,-70.6622488,Casa Fernando Vives (ILADES) - Universidad Alberto Hurtado,"Erasmo Escala 1801-1875, Santiago, Región Metropolitana, Chile",Chile
244502,ChIJJ5vlO-JkjEcRuRHZyflX0XU,46.2209088,6.1436432,Hochschulinstitut für internationale Studien und Entwicklung,"Chemin Eugène-Rigot 2A, 1202 Genève, Schweiz",Schweiz
239099,ChIJubgAbywvjEcRZPfYg7-qfqA,46.5249487,6.6410211,Unisanté | Pharmacie,"Rue du Bugnon 44, 1011 Lausanne, Schweiz",Schweiz
1758,ChIJQe1GkL05jkcRZqPBJdo9Gr0,46.9527378,7.435243199999999,Geographisches Institut,"Hallerstrasse 12, 3012 Bern, Schweiz",Schweiz
51863,ChIJ94xuUaagmkcRB3Y3tij0YUs,47.37638889999999,8.547628,Eidgenössische Technische Hochschule Zürich,"Rämistrasse 101, 8092 Zürich, Schweiz",Schweiz
249684,ChIJi-EqC94KkEcR1GKO8rRappQ,47.428918,8.5163478,Eidg. Forschungsanstalt Agroscope Reckenholz-Tänikon (ART),"Reckenholzstrasse 191, 8046 Zürich, Schweiz",Schweiz
223117,ChIJ57t3elUKkEcRxlnFV7YTDgA,47.40835209999999,8.510176999999999,"Institute for environmental engineering, ETH Zurich","John-von-Neumann-Weg 9, 8049 Zürich, Schweiz",Schweiz
249683,ChIJf0zUQNRJ30cRUEIXydJrHhQ,51.2216391,0.3251283,National Centre For Reptile Welfare,"Ashes Ln, Tonbridge TN11 0AN, Grossbritannien",Grossbritannien
230075,ChIJeZSNvGsyhEcRTFHcyWffL0A,45.8705281,8.9790066,SUPSI - Dipartimento ambiente costruzioni e design (DACD),"Via Francesco Catenazzi 23, 6850 Mendrisio, Schweiz",Schweiz
244869,ChIJJ5vlO-JkjEcRuRHZyflX0XU,46.2209088,6.1436432,Hochschulinstitut für internationale Studien und Entwicklung,"Chemin Eugène-Rigot 2A, 1202 Genève, Schweiz",Schweiz
240686,ChIJC1e7q3ogX5ERvLzQdA6Tb94,-16.5023763,-68.1314644,National Service of Meteorology and Hydrology,"Reyes Ortiz 41, La Paz 10993, Bolivien",Bolivien
246267,ChIJ_yjtk9V6jEcRy3hLEksXCpY,46.1952445,6.1395198,Faculty Of Science Company,"Boulevard du Pont-d'Arve 40, 1205 Genève, Schweiz",Schweiz
236390,ChIJ94xuUaagmkcRB3Y3tij0YUs,47.37638889999999,8.547628,Eidgenössische Technische Hochschule Zürich,"Rämistrasse 101, 8092 Zürich, Schweiz",Schweiz
226387,ChIJ94xuUaagmkcRB3Y3tij0YUs,47.37638889999999,8.547628,Eidgenössische Technische Hochschule Zürich,"Rämistrasse 101, 8092 Zürich, Schweiz",Schweiz
244453,ChIJB8-TBiL61y0RPi3i9EdsrmA,-7.2701733,112.7866906,AIRC - Universitas Airlangga,"Jl. Dharmahusada Permai No.1, Mulyorejo, Kec. Mulyorejo, Kota SBY, Jawa Timur 60115, Indonesien",Indonesien
240146,ChIJK53LtjhdJDERSdAhJQPIM9k,18.0369375,102.6350625,Nationaluniversität Laos,"2JPP+Q2, Don Noun, Laos",Laos
257165,ChIJbcOgE9J6jEcRQcQIwduaFnE,46.19331469999999,6.1490487,Hôpitaux universitaires de Genève,"Rue Gabrielle-Perret-Gentil 4, 1205 Genève, Schweiz",Schweiz
242143,ChIJJ5vlO-JkjEcRuRHZyflX0XU,46.2209088,6.1436432,Hochschulinstitut für internationale Studien und Entwicklung,"Chemin Eugène-Rigot 2A, 1202 Genève, Schweiz",Schweiz
239633,ChIJI2izMDMXLxgRqZJWHFi4CkU,-1.2793988,36.8105439,Practical Action in Eastern Africa,"P. O .Box 39493, Nairobi, Kenia",Kenia
71203,ChIJU-cSA3AX6zkRzFidze4aHLc,27.64645,85.323476,International Centre for Integrated Mountain Development,"Lalitpur 44700, Nepal",Nepal
245880,ChIJTTafFwlQzB0RXNg3hjlphAM,-33.9335226,18.6279539,University of The Western Cape,"University of The Western Cape, Erica Twp, Kapstadt, Südafrika",Sudafrika
241606,ChIJT75aIXCLQBkRL3S9Jidwjqs,-15.3948318,28.334765,School of Agricultural Sciences,"Lusaka, Sambia",Sambia
241567,ChIJdRbbZjEXLxgRjLxDMnmjXFI,-1.259837,36.839378,Kenya Forestry Research Institute (Kefri)-Karura,"Mobil Plaza, Kiambu Rd, Nairobi, Kenia",Kenia
241614,ChIJfwKQjoGpJBARfxlYycmDgo4,6.413005999999999,2.3450398,Université d'Abomey Calavi,"Godomey, Benin",Benin
232714,ChIJTythk66gmkcRuOvvXWxmIA8,47.3776241,8.5346572,Pädagogische Hochschule Zürich,"Lagerstrasse 2, 8090 Zürich, Schweiz",Schweiz
218004,ChIJP6Ls3f0wjEcRcrKTf6s0zLs,46.5190557,6.5667576,École Polytechnique Fédérale de Lausanne,"Route Cantonale, 1015 Lausanne, Schweiz",Schweiz
241617,ChIJB2fUx_ia3w8R-D4PsU-6610,5.5977907,-0.1856575,"CAB International West Africa Centre, Ghana","Accra, Ghana",Ghana
48578,ChIJ94xuUaagmkcRB3Y3tij0YUs,47.37638889999999,8.547628,Eidgenössische Technische Hochschule Zürich,"Rämistrasse 101, 8092 Zürich, Schweiz",Schweiz
257337,ChIJC1PFCXF7jEcR-GKg8jL_7hc,46.1685443,6.103625699999999,Fondation Eclosion,"Chemin des Aulx 14, 1228 Plan-les-Ouates, Schweiz",Schweiz
51620,ChIJe_0MgORkjEcRG-_xidibZlk,46.2242697,6.139745,Recherche des Nations Unies pour le développement social,"Avenue de la Paix 8, 1202 Genève, Schweiz",Schweiz
58847,ChIJi4WVWJ-gmkcRz9p-0FL6ULo,47.3743221,8.550981199999999,Universität Zürich,"Rämistrasse 71, 8006 Zürich, Schweiz",Schweiz
216945,ChIJKc4k-mvswokRq7qcsQHQ-w8,41.0051783,-73.9071998,"Tree Ring Laboratory, Lamont-Doherty Earth Observatory of Columbia University","115-119 Ludlow Ln, Palisades, NY 10964, Vereinigte Staaten",NA
238405,ChIJR0n3vpUyhEcRsY_Wk8B0Gs0,46.0300213,8.9205513,"SUPSI - Dipartimento economia aziendale, sanità e sociale (DEASS) - Palazzo E","Via Cantonale 16E, 6928 Manno, Schweiz",Schweiz
244440,ChIJ94xuUaagmkcRB3Y3tij0YUs,47.37638889999999,8.547628,Eidgenössische Technische Hochschule Zürich,"Rämistrasse 101, 8092 Zürich, Schweiz",Schweiz
255370,ChIJubx18aoxjEcRKKylyWpyNgk,46.5210895,6.5801606,Université de Lausanne,"1015 Lausanne, Schweiz",Schweiz
243794,ChIJjxp_uU6a5h4Rc0ha9QYLdKI,-25.9521498,32.6035601,Eduardo-Mondlane-Universität,"3453 Avenida Julius Nyerere, Maputo, Mosambik",Mosambik
211965,ChIJPbDEABnBwQ8RQGGIeGJgdm8,5.330576,-4.128086,Center Swiss Research Scientifiques En Côte D'ivoire,Côte d’Ivoire,NA
244222,ChIJR0n3vpUyhEcRsY_Wk8B0Gs0,46.0300213,8.9205513,"SUPSI - Dipartimento economia aziendale, sanità e sociale (DEASS) - Palazzo E","Via Cantonale 16E, 6928 Manno, Schweiz",Schweiz
3448,ChIJMQKj8wC5kUcRjBRGaJHolw0,47.55592780000001,7.577431699999999,Schweizerisches Tropen- und Public Health-Institut,"Socinstrasse 57, 4051 Basel, Schweiz",Schweiz
6686,ChIJg0zi-K6gmkcROA01Ep1B_Ug,47.37266409999999,8.5509621,Asien-Orient-Institut Universität Zürich,"Zürichbergstrasse 4, 8032 Zürich, Schweiz",Schweiz
247342,ChIJLRpD2uB6jEcR4iK7T6ydYt4,46.1757046,6.1390892,Geneva School of Business Administration,"Campus Battelle, Rue de la Tambourine 17, 1227 Carouge, Schweiz",Schweiz
252019,ChIJ1wMIFyrJ2g8RSiKkzBvQSGs,7.350174699999999,-2.3429652,UENR,"Sunyani, Ghana",Ghana
242672,ChIJHV4_GrLEaS4RJjqG6WqT960,-6.559556199999999,106.728843,Faculty of Human Ecology,"Gedung FEMA W1 - L2., Kampus IPB Dramaga, Jalan Kamper, Babakan, Kec. Dramaga, Bogor, Jawa Barat 16680, Indonesien",Indonesien
244398,ChIJcS-kdza-Lg4R_EqJB1hzcz4,12.3822415,-1.5031456,National Center Scientific Research And Technological,"Ouagadougou, Burkina Faso",NA
240705,ChIJw85x27cLkEcRCq6-pPdj3nY,47.380699,8.542866799999999,ETH Zurich: World Food System Center,"Stampfenbachstrasse 52, 8092 Zürich, Schweiz",Schweiz
255857,ChIJVT-GkL05jkcRBVnXQeFm02E,46.9557933,7.4356788,Centre for Development and Environment,"Mittelstrasse 43, 3012 Bern, Schweiz",Schweiz
232147,ChIJS0dMY3iZmkcRj2jcQ8bFjyo,47.5033139,8.7267605,ZHAW Angewandte Linguistik,"Theaterstrasse 15C, 8401 Winterthur, Schweiz",Schweiz
249686,ChIJse51EO2sB4gRLyb8SZW41OU,43.0746139,-89.4276171,USDA Forest Products Laboratory,"1 Gifford Pinchot Dr, Madison, WI 53726, Vereinigte Staaten",NA
249562,ChIJH_TknLpQlQ4R0kTHernFtCE,16.0626374,-16.4258643,Gaston Berger University,"Université Gaston berger, Dakar, Senegal",Senegal
242757,ChIJJ5vlO-JkjEcRuRHZyflX0XU,46.2209088,6.1436432,Hochschulinstitut für internationale Studien und Entwicklung,"Chemin Eugène-Rigot 2A, 1202 Genève, Schweiz",Schweiz
255712,ChIJEePlmbsndTERaR6VvasIlys,10.8507786,106.7718784,Ho Chi Minh City University of Technology and Education,"1 Võ Văn Ngân, Linh Chiểu, Thủ Đức, Thành phố Hồ Chí Minh 700000, Vietnam",Vietnam
241934,ChIJ8b0K1evJnjgR2_uy3Y1IzhQ,42.8351943,74.5753687,Kyrgyz-Turkish Manas University,"Микрорайон Джал, 720038 Biskek, Chuy Province, Kirgisistan",Kirgisistan
257941,ChIJT_zBG2qU2w8RF50pZenBNrU,6.681759599999999,-1.5745321,Department Of Economics,"Kumasi, Ghana",Ghana
96722,ChIJJ5vlO-JkjEcRuRHZyflX0XU,46.2209088,6.1436432,Hochschulinstitut für internationale Studien und Entwicklung,"Chemin Eugène-Rigot 2A, 1202 Genève, Schweiz",Schweiz
227694,ChIJT4o8Dfs5jkcROXxRyRFQ3m8,46.9423824,7.4405459,"Berner Fachhochschule BFH, Wirtschaft","Brückenstrasse 73, 3005 Bern, Schweiz",Schweiz
246740,ChIJmxuPRYac3w8RSaXx1bUnRio,5.6544922,-0.1844072,"Institute of Statistical, Social and Economic Research(ISSER)","P.O BoX LG 74 legon- Accra, Botanical Gardens Rd, Accra, Ghana",Ghana
242779,ChIJVT-GkL05jkcRBVnXQeFm02E,46.9557933,7.4356788,Centre for Development and Environment,"Mittelstrasse 43, 3012 Bern, Schweiz",Schweiz
110,ChIJfzlPbqigmkcRTNg_kZfPrlI,47.3754943,8.545128499999999,Universität Zürich Institut für Politikwissenschaften,"Seilergraben 53, 8001 Zürich, Schweiz",Schweiz
256272,ChIJ3zQgIWxApw0R8letfKHwxX0,33.9836574,-6.7236517,Science Po Rabat,"سلا الجديدة 11110, Marokko",Marokko
256301,ChIJ-XexkndRCTERudyDFjFpnHo,11.5773061,104.8936949,Cambodia Development Resource Institute,"56 St 315, Phnom Penh, Kambodscha",Kambodscha
54808,ChIJ56MEpzcujEcRHxXI0_LwofI,46.5246277,6.6396051,Faculty Biology And Medicine,"Rue du Bugnon 21, 1005 Lausanne, Schweiz",Schweiz
246713,ChIJF7XpWJ3HVTcRkBuW8w07EyU,23.7755336,90.41257639999999,BRAC Institute of Educational Development,"113/1 Rd No 2, Dhaka 1212, Bangladesch",Bangladesch
238601,ChIJS7XqYcmc0ogRyMNQUBvYUKQ,22.9913232,-82.15342509999999,National Center for Animal and Plant Health,"Autopista Nacional 23km 1/2, Carretera, San José de las Lajas, Kuba",Kuba
242667,ChIJnxw_GaiZP44RB0wTD2QxNPk,4.628487499999999,-74.06466449999999,Päpstliche Universität Xaveriana,"Cra. 7 #No. 40 - 62, Bogotá, Kolumbien",Kolumbien
250819,ChIJse51EO2sB4gRLyb8SZW41OU,43.0746139,-89.4276171,USDA Forest Products Laboratory,"1 Gifford Pinchot Dr, Madison, WI 53726, Vereinigte Staaten",NA
210229,ChIJjW8OXvca2jERLDuB8HAC6ts,1.299104,103.7708718,NUS Civil and Environmental Engineering,"1 Engineering Drive 2, #07-03 E1A, Singapur 117576",NA
218534,ChIJCb7wnumhMI4Rz-bc-bU6Ogs,3.3387691,-76.528331,CIDEIM,"Av. La Maria #19-225, Cali, Valle del Cauca, Kolumbien",Kolumbien
244380,ChIJf19eL2NZ4joRU13iWqE5P24,6.9016603,79.8627581,"Faculty of Arts, University of Colombo","Reid Avenue, Philip Gunewardena Mawatha, Colombo, Sri Lanka",NA
124343,ChIJ94xuUaagmkcRB3Y3tij0YUs,47.37638889999999,8.547628,Eidgenössische Technische Hochschule Zürich,"Rämistrasse 101, 8092 Zürich, Schweiz",Schweiz
71,ChIJbeEWl-o5jkcRSTKOWFf0A-g,46.9535203,7.445292699999999,Institut für Pflanzenwissenschaften,"Altenbergrain 21, 3013 Bern, Schweiz",Schweiz
242424,ChIJr-jr3qehmkcRMfRU__G-l2A,47.4038135,8.6097632,Eawag,"Ueberlandstrasse 133, 8600 Dübendorf, Schweiz",Schweiz
239916,ChIJgYYMf9IsABMRKoWAup11PQY,34.7360653,10.7428075,University of Sfax,"Université de Route de l'Aéroport Km 0.5 BP 1169 .3029 Sfax Sfax, 3029, Tunesien",Tunesien
82651,ChIJPbDEABnBwQ8RQGGIeGJgdm8,5.330576,-4.128086,Center Swiss Research Scientifiques En Côte D'ivoire,Côte d’Ivoire,NA
255826,ChIJT0w05HXiIxAR0jR8YOmCT2M,6.177378999999999,1.2130227,University of Lomé,"01BP1515, Lomé, Togo",Togo
253076,ChIJJ9F3eOwyhEcR-05zdzu4yKs,46.035764,8.926701999999999,"SUPSI - Dipartimento economia aziendale, sanità e sociale (DEASS) - Stabile Piazzetta","Via Violino 11, 6928 Manno, Schweiz",Schweiz
248220,ChIJ6-Ptor05jkcRY2GiegM-zXk,46.9521621,7.434993599999999,World Trade Institute,"Hallerstrasse 6, 3012 Bern, Schweiz",Schweiz
242551,ChIJCcxvVQkKjkcR1MrKwm6bB2A,46.9905245,6.920239400000001,Institut d'ethnologie,"Rue de Saint-Nicolas 4, 2000 Neuchâtel, Schweiz",Schweiz
254806,ChIJ94xuUaagmkcRB3Y3tij0YUs,47.37638889999999,8.547628,Eidgenössische Technische Hochschule Zürich,"Rämistrasse 101, 8092 Zürich, Schweiz",Schweiz
246771,ChIJfwKQjoGpJBARfxlYycmDgo4,6.413005999999999,2.3450398,Université d'Abomey Calavi,"Godomey, Benin",Benin
250818,ChIJse51EO2sB4gRLyb8SZW41OU,43.0746139,-89.4276171,USDA Forest Products Laboratory,"1 Gifford Pinchot Dr, Madison, WI 53726, Vereinigte Staaten",NA
227440,ChIJ94xuUaagmkcRB3Y3tij0YUs,47.37638889999999,8.547628,Eidgenössische Technische Hochschule Zürich,"Rämistrasse 101, 8092 Zürich, Schweiz",Schweiz
247889,ChIJt992czTjoI8RX0LC-sNSO9A,9.9369824,-84.05102839999999,Universidad de Costa Rica,"Ciudad Universitaria Rodrigo Facio Brenes, San José, San Pedro, Costa Rica",NA
230163,ChIJef0p7KagmkcRTYTMxTJk0qc,47.379223,8.548385,Institute Of Terrestrial Ecosystems,"Universitätstrasse 16, 8006 Zürich, Schweiz",Schweiz
220554,ChIJh5I7JtQvjEcRMH8V58ImG3E,46.5131633,6.6205412,EPFL Laboratoire de Machines hydrauliques,"Bis, Avenue de Cour 33, 1007 Lausanne, Schweiz",Schweiz
241595,ChIJ94xuUaagmkcRB3Y3tij0YUs,47.37638889999999,8.547628,Eidgenössische Technische Hochschule Zürich,"Rämistrasse 101, 8092 Zürich, Schweiz",Schweiz
39202,ChIJ94xuUaagmkcRB3Y3tij0YUs,47.37638889999999,8.547628,Eidgenössische Technische Hochschule Zürich,"Rämistrasse 101, 8092 Zürich, Schweiz",Schweiz
245436,ChIJP6Ls3f0wjEcRcrKTf6s0zLs,46.5190557,6.5667576,École Polytechnique Fédérale de Lausanne,"Route Cantonale, 1015 Lausanne, Schweiz",Schweiz
249519,ChIJs7wQ7OFkjEcRvNAH4EUjilM,46.2207869,6.143574099999999,Maison de la Paix,"Chemin Eugène-Rigot 2, 1202 Genève, Schweiz",Schweiz
6509,ChIJ94xuUaagmkcRB3Y3tij0YUs,47.37638889999999,8.547628,Eidgenössische Technische Hochschule Zürich,"Rämistrasse 101, 8092 Zürich, Schweiz",Schweiz
242534,ChIJZYQeCcI5jkcRgceQgBDZKXE,47.5545596,7.5848767,swisspeace Schweizerische Friedensstiftung,"Steinengraben 22, 4051 Basel, Schweiz",Schweiz
224152,ChIJN7dgrq6gmkcRHbBy1pNkGD0,47.37147239999999,8.5485689,Institut für Erziehungswissenschaft Abteilung Lehrerinnen- und Lehrerbildung Maturitätsschulen,"Kantonsschulstrasse 3, 8001 Zürich, Schweiz",Schweiz
249560,ChIJJ5vlO-JkjEcRuRHZyflX0XU,46.2209088,6.1436432,Hochschulinstitut für internationale Studien und Entwicklung,"Chemin Eugène-Rigot 2A, 1202 Genève, Schweiz",Schweiz
242451,ChIJubx18aoxjEcRKKylyWpyNgk,46.5210895,6.5801606,Université de Lausanne,"1015 Lausanne, Schweiz",Schweiz
2192,ChIJlb637qagmkcR0bRGz5I4S3s,47.379223,8.548385,"Institut für Atmosphäre und Klima, ETH Zürich","Universitätstrasse 16, 8006 Zürich, Schweiz",Schweiz
230309,ChIJDfA94XI6jkcRvxKgu1lMdHk,46.9918182,7.468039500000001,"Berner Fachhochschule BFH, Hochschule für Agrar-, Forst- und Lebensmittelwissenschaften HAFL","Länggasse 85, 3052 Zollikofen, Schweiz",Schweiz
238076,ChIJ94xuUaagmkcRB3Y3tij0YUs,47.37638889999999,8.547628,Eidgenössische Technische Hochschule Zürich,"Rämistrasse 101, 8092 Zürich, Schweiz",Schweiz
105908,ChIJj-1vS0m4kUcRdigyz4o_V8M,47.5458483,7.5949985,Hochschule für Wirtschaft,"Peter Merian-Strasse 86, 4052 Basel, Schweiz",Schweiz
244376,ChIJ9ajErBxbux4RLvv6F2RLxIU,-24.6672259,25.9270328,Greater gaborone district health management team,"Unnamed Road, Gaborone, Botswana",Botswana
239705,ChIJl95bYqmb3w8Rioi4qMfBnhI,5.609729199999999,-0.1915355,Center for Democratic Development Ghana,"No. 95 Nortei Ababio Loop, North, Ghana",Ghana
138287,ChIJVT-GkL05jkcRBVnXQeFm02E,46.9557933,7.4356788,Centre for Development and Environment,"Mittelstrasse 43, 3012 Bern, Schweiz",Schweiz
244425,ChIJtSY8ZZ3urw0RZN0J9eP1z0k,31.6490864,-8.0154408,"Central Library, Faculty of Science Semlalia","Boulevard Prince Moulay Abdellah, Marrakech 40000, Marokko",Marokko
238900,ChIJJ5vlO-JkjEcRuRHZyflX0XU,46.2209088,6.1436432,Hochschulinstitut für internationale Studien und Entwicklung,"Chemin Eugène-Rigot 2A, 1202 Genève, Schweiz",Schweiz
5425,ChIJe1iObpg5jkcR2KTrDIFZoeQ,46.9538222,7.4302169,Institut für Sozialanthropologie,"Lerchenweg 36, 3012 Bern, Schweiz",Schweiz
239702,ChIJr4pPClsiWBQRITx9i0V4XyI,30.0187277,31.4998937,The School of Global Affairs and Public Policy,"74 S Teseen, NEW CAIRO, First New Cairo, Cairo Governorate 11835, Ägypten",Agypten
256273,ChIJd1FQ9kUqHRURYNn30kByzFk,31.9591925,35.1820071,Birzeit University,"West bank, Palestine, Birzeit",Birzeit
246379,ChIJ9fVz4gkKkEcRt2TKOQ1r3w4,47.3803892,8.5445045,"Departement Geistes-, Sozial- und Staatswissenschaften","Haldeneggsteig 4, 8092 Zürich, Schweiz",Schweiz
47846,ChIJdzduI4KgmkcRUlSRYAK6Ft4,47.3999033,8.5530496,Institut für Parasitologie Universität ZH,"Winterthurerstrasse 266A, 8057 Zürich, Schweiz",Schweiz
239612,ChIJt35a54h98CERPMREKzyK8Lw,-18.914032,47.55181169999999,Université d’Antananarivo,"Présidence de l'Université d'Antananarivo: BP 566 Antananarivo, 101, Madagaskar",Madagaskar
241097,ChIJ9Qn3KFe-Lg4RpW74Rqq9FiI,12.3792999,-1.4864963,Laboratoire Citoyennetés,"Rue Zangoeg-Pelgo, Zogona, Ouagadougou, Burkina Faso",NA
239601,ChIJj86pNqkxjEcRs2X6awsJEEQ,46.52648050000001,6.579694399999999,Faculty Of Geosciences Environmental And,"1022 Chavannes-près-Renens, Schweiz",Schweiz
252930,ChIJMQKj8wC5kUcRjBRGaJHolw0,47.55592780000001,7.577431699999999,Schweizerisches Tropen- und Public Health-Institut,"Socinstrasse 57, 4051 Basel, Schweiz",Schweiz
121316,ChIJ8z_LgtV6jEcRUBSzYX9t4so,46.19540019999999,6.140874500000001,Département d'économie politique,"Boulevard Carl-Vogt 101, 1205 Genève, Schweiz",Schweiz
53632,ChIJza2VM6A5jkcRynZTb-A4kMU,46.9534713,7.4227339,Institut für Politikwissenschaft,"Fabrikstrasse 8, 3012 Bern, Schweiz",Schweiz
246716,ChIJA4NwIfRnJDERVnzW2Vq6Xd0,18.007583,102.6474583,National Institute for Economic Research,"Vientiane, Laos",Laos
95106,ChIJj-1vS0m4kUcRaobXzh4DyUs,47.545881,7.5950111,IWI Institut für Wirtschaftsinformatik FHNW,"Peter Merian-Strasse 86, 4002 Basel, Schweiz",Schweiz
243793,ChIJd2wmza1B7zkRxkkYH95cyzk,26.8122418,87.26836089999999,B.P. Koirala Institute of Health Sciences,"Buddha Road, Dharan 56700, Nepal",Nepal
239685,ChIJ3T15IGUgX5ERdpnGbDTf9lM,-16.5047667,-68.1299168,Universidad Mayor de San Andrés,"J.J.Perez, La Paz, Bolivien",Bolivien
130853,ChIJZYQeCcI5jkcRgceQgBDZKXE,47.5545596,7.5848767,swisspeace Schweizerische Friedensstiftung,"Steinengraben 22, 4051 Basel, Schweiz",Schweiz
230561,ChIJ7_Q9QuZLXBgRyvRgd9N3VxI,-6.819770200000001,39.2804049,ILALA MUNICIPAL COUNCIL,"Dar es Salaam, Tansania",Tansania
242776,ChIJgaTVe9ddWhgRwF2Mpf-EroY,-6.852747,37.6586405,"College of Forestry, Wildlife and Tourism","College of Forestry, Wildlife and Tourism, TZ, 3009, Tansania",Tansania
23069,ChIJO9PnfKwxjEcRiY_qC9G2eok,46.5223323,6.584319600000001,HEC Lausanne,"Quartier de Chambronne, Internef 261, 1015 Lausanne, Schweiz",Schweiz
35073,ChIJTU6Scpg5jkcRBlcpN-KYDQQ,46.9543207,7.430421799999999,Institut für Sprachwissenschaft,"Länggassstrasse 49, 3012 Bern, Schweiz",Schweiz
245879,ChIJh82tA7NZei4RwdB9rRNQ-xs,-7.767026299999999,110.3810022,Faculty of Forestry UGM,"Universitas Gadjah Mada Jl. Agro, Bulaksumur No.1, Kocoran, Caturtunggal, Kec. Depok, Kabupaten Sleman, Daerah Istimewa Yogyakarta 55281, Indonesien",Indonesien
239729,ChIJ703liG27fRcRnQgL4fv8xt0,0.3335304,32.5675046,Makerere-Universität,"University Rd, Kampala, Uganda",Uganda
231596,ChIJLXBIZrk5jkcRbN44WvYjJFI,46.947057,7.4366015,SCNAT | Akademie der Naturwissenschaften | Académie des sciences nat. | Accademia di scienze nat.,"Haus der Akademien, Laupenstrasse 7, 3008 Bern, Schweiz",Schweiz
46154,ChIJneO1zKU5jkcRPLKXGTPL0iI,46.9470528,7.4257951,"Universitätsklinik für Kinderchirurgie und Kinderheilkunde, Inselspital Bern","Freiburgstrasse 15, 3010 Bern, Schweiz",Schweiz
41533,ChIJdzduI4KgmkcRUlSRYAK6Ft4,47.3999033,8.5530496,Institut für Parasitologie Universität ZH,"Winterthurerstrasse 266A, 8057 Zürich, Schweiz",Schweiz
244279,ChIJ94xuUaagmkcRB3Y3tij0YUs,47.37638889999999,8.547628,Eidgenössische Technische Hochschule Zürich,"Rämistrasse 101, 8092 Zürich, Schweiz",Schweiz
246710,ChIJjWC-ox9mJDER0FmTBQ3CMxA,17.9396795,102.6240259,Faculty of Engineering (NUOL),"Vientiane, Laos",Laos
251085,ChIJSwS48CxljEcRnc4LhiRp-g8,46.1995028,6.147708700000001,Institut européen de l'Université de Genève,"Rue Jean-Daniel-Colladon 2, 1204 Genève, Schweiz",Schweiz
242770,ChIJw85x27cLkEcRCq6-pPdj3nY,47.380699,8.542866799999999,ETH Zurich: World Food System Center,"Stampfenbachstrasse 52, 8092 Zürich, Schweiz",Schweiz
233998,ChIJmR58JUr2hxcRHoE2v73wFtg,0.016323,37.07812699999999,Cetrad,"Nanyuki Off Hospital Road Buttsons Complex Building, Kenia",Kenia
255304,ChIJwVyTO6i5kUcRbfg5RUfogBQ,47.56075569999999,7.5822213,"Departement Biomedizin, Universität Basel und Universitätsspital Basel","Hebelstrasse 20, 4031 Basel, Schweiz",Schweiz
241621,ChIJwWSAZYGa3w8RMbg0UvNJTUI,5.5649962,-0.1827139,Buka Restaurant Osu Accra,"10th St, Accra, Ghana",Ghana
245028,ChIJg0KQPhLG5zsR6T87dpCZBps,19.0490209,72.9148281,International Institute for Population Sciences,"Govandi Station Road, Deonar, Opposite Sanjona Chamber, Mumbai, Maharashtra 400088, Indien",Indien
77288,ChIJi7zEMKkxjEcRBTbb-kFIEFg,46.5265728,6.5794921,Faculty Of Science Sociales Et Politiques,"1022 Chavannes-près-Renens, Schweiz",Schweiz
230519,ChIJFfpEg90ejkcRjjSH_fhkqCg,47.1586997,7.2762495,"Berner Fachhochschule BFH, Architektur, Holz und Bau","Solothurnstrasse 102, 2500 Biel, Schweiz",Schweiz
249624,ChIJMQKj8wC5kUcRjBRGaJHolw0,47.55592780000001,7.577431699999999,Schweizerisches Tropen- und Public Health-Institut,"Socinstrasse 57, 4051 Basel, Schweiz",Schweiz
246117,ChIJ3yKsR1FkjEcRIpuYmmtbIq0,46.199444,6.1451157,Université de Genève,"1205 Geneva, Schweiz",Schweiz
245870,ChIJzWtxxYfp9WgRGNkb54UpLhA,-5.1564005,145.7946165,New Guinea Binatang Research Centre,"North Coast Road, Nagada Harbour, Madang, Papua-Neuguinea",NA
239744,ChIJeT3HwvDIBZERxBAZZJEr1PE,-12.0791452,-77.0427131,SENAMHI,"Jirón Cahuide 721, Jesús María 15072, Peru",Peru
243768,ChIJEZJ7CWiyzR0RE_cTZU_SNvA,-33.9321854,18.8633889,University of Stellenbosch - Department of Botany & Zoology,"Natural Sciences, Merriman Ave, Stellenbosch Central, Stellenbosch, 7600, Südafrika",Sudafrika
241509,ChIJi_mZcNKVLg4REbcXpfWJ7v0,12.3528862,-1.5564317,INERA,"04 BP: 8645 Ouagadougou 04, rue Guisga, Ouagadougou, Burkina Faso",NA
857,ChIJRWRLZXgKkEcRXVFJrWDHxNc,47.39755770000001,8.5489645,Universität Zürich Anatomisches Institut,"Winterthurerstrasse 190, 8057 Zürich, Schweiz",Schweiz
246704,ChIJFW_Q_9Le5h4R2kN3cpNVfoU,-25.4085626,32.8057645,Centro de investigação de Saúde de Manhiça,"Manhica, Mosambik",Mosambik
228142,ChIJP6Ls3f0wjEcRcrKTf6s0zLs,46.5190557,6.5667576,École Polytechnique Fédérale de Lausanne,"Route Cantonale, 1015 Lausanne, Schweiz",Schweiz
244428,ChIJGxX3DkFF4joR2h_kRA9LUOM,6.79667,79.9005901,Department of Town & Country Planning,"Department of Town & Country Planning, Moratuwa 10400, Sri Lanka",NA
27349,ChIJaQx4mmwujEcR2lGTqqiNJdw,46.5409336,6.648158,Haute École de travail social et de la santé,"Chemin des Abeilles 14, 1010 Lausanne, Schweiz",Schweiz
249561,ChIJv_GEN_TPixARmmakSIW0kM4,3.843718,11.520898,Catholic University of Central Africa,"Yaounde, Kamerun",Kamerun
242011,ChIJP6Ls3f0wjEcRcrKTf6s0zLs,46.5190557,6.5667576,École Polytechnique Fédérale de Lausanne,"Route Cantonale, 1015 Lausanne, Schweiz",Schweiz
234336,ChIJJ5vlO-JkjEcRuRHZyflX0XU,46.2209088,6.1436432,Hochschulinstitut für internationale Studien und Entwicklung,"Chemin Eugène-Rigot 2A, 1202 Genève, Schweiz",Schweiz
6101,ChIJubx18aoxjEcRKKylyWpyNgk,46.5210895,6.5801606,Université de Lausanne,"1015 Lausanne, Schweiz",Schweiz
128528,ChIJg6Qjjb45jkcR0ieyN-hOczw,46.9557412,7.4356334,Interdisziplinäres Zentrum für Geschlechterforschung,"Mittelstrasse 43, 3012 Bern, Schweiz",Schweiz
212842,ChIJyVIKIwwKkEcRV9dlc5JN3SQ,47.3821698,8.5372975,Plakatservice Alive Productions GmbH,"Hafnerstrasse 60, 8005 Zürich, Schweiz",Schweiz
247661,ChIJO9PnfKwxjEcRiY_qC9G2eok,46.5223323,6.584319600000001,HEC Lausanne,"Quartier de Chambronne, Internef 261, 1015 Lausanne, Schweiz",Schweiz
245453,ChIJubx18aoxjEcRKKylyWpyNgk,46.5210895,6.5801606,Université de Lausanne,"1015 Lausanne, Schweiz",Schweiz
242552,ChIJn_4VlC-oJBARUaUKgaFeXEQ,6.410885299999999,2.3333861,Inrab,"01BP 884, Cotonou, Benin",Benin
258775,ChIJuWvQ0T05jkcRjb4ywXP3YmI,46.9469897,7.446789399999999,Wyss Academy for Nature at the University of Bern,"Kochergasse 4, 3012 Bern, Schweiz",Schweiz
241513,ChIJyQZ1d0LPixARTyicYsa7bHw,3.888065999999999,11.5098095,WWF Bastos,"Yaounde, Kamerun",Kamerun
244433,ChIJDQMjrnyMQBkR8I0ZiblHOT0,-15.4150299,28.3513449,Zambia National Public Health Institute,"Lusaka, Sambia",Sambia
126726,ChIJ3yKsR1FkjEcRIpuYmmtbIq0,46.199444,6.1451157,Université de Genève,"1205 Geneva, Schweiz",Schweiz
239753,ChIJ0ynowZKeBZER5ZfLRStoQNA,-12.0239773,-77.0565049,Universidad Peruana Cayetano Heredia,"Av. Honorio Delgado 430, San Martín de Porres 15102, Peru",Peru
243807,ChIJ_-DgfNYE2RgR4NdEW6Vihp0,-15.3810326,35.3244137,Invest in Knowledge Initiative,"P.O. Box 506, Old Naisi Road, Zomba, Malawi",Malawi
241521,ChIJfwKQjoGpJBARfxlYycmDgo4,6.413005999999999,2.3450398,Université d'Abomey Calavi,"Godomey, Benin",Benin
239679,ChIJ3T15IGUgX5ERdpnGbDTf9lM,-16.5047667,-68.1299168,Universidad Mayor de San Andrés,"J.J.Perez, La Paz, Bolivien",Bolivien
245860,ChIJY6EHca-BEhcR49HUltzPrBI,4.840920199999999,31.5905049,Universität Juba,"South Sudan Hotel Headquarters, Juba, Südsudan",Sudsudan
259099,ChIJfwP5aEsDLg4Rr9wZE_rtayk,12.2381543,-2.399531,University KOUDOUGOU,"Avce Maurice Yameogo BP376, Koudougou, Burkina Faso",NA
250814,ChIJcym-fSNdWhgRiCrepW_qfjo,-6.8538004,37.6576401,Department of Ecosystems and Conservation,"Kididimo Road, Morogoro, Tansania",Tansania
243039,ChIJN6Ci6GMZLxgRsQMudnRLGO4,-1.258881,36.748114,Kenya Agricultural And Livestock Research Organisation (Kalro) - Ruiru,"Gitothua Primary School, Ruiru, Kenia",Kenia
249587,ChIJsbD3n76MQBkRb4X9NTxwOQ0,-15.4242143,28.3142318,Jhpiego Zambia Country Office,"8 Ngumbo Rd, Lusaka, Sambia",Sambia
255714,ChIJ8df7ds_rwTARV5lL6h1sTfI,16.8019413,96.1348105,Enviromental Care Community and Security Institute (ECCSi),"Yangon, Myanmar",Myanmar
241626,ChIJaSgoy8T9NA4RfbumelH_8g8,11.1816785,-4.363765799999999,INSTITUT SUPERIEUR DES SCIENCES DE LA SANTE (IN.S.SA),"Bobo-Dioulasso, Burkina Faso",NA
218544,ChIJ0e2h-KI5jkcRCEd4mxarBDU,46.9519098,7.4285831,Institut für Zellbiologie,"Baltzerstrasse 4, 3012 Bern, Schweiz",Schweiz
239191,ChIJOcDvifHH5zsRTonFxaTO_Wg,19.1334302,72.9132679,Indian Institute of Technology Bombay,"Main Gate Rd, IIT Area, Powai, Mumbai, Maharashtra 400076, Indien",Indien
247359,ChIJd1FQ9kUqHRURYNn30kByzFk,31.9591925,35.1820071,Birzeit University,"West bank, Palestine, Birzeit",Birzeit
240710,ChIJJfY85u-CwRkRR4MQYiLsfIE,-3.3789351,29.3838265,Universität von Burundi,"Boulevard Mwezi Gisabo, Bujumbura, Burundi",Burundi
255903,ChIJZY8paeFflkcRXYQr88tuzz0,49.11385,7.860760099999999,Consultative Value Selling mit der PASCAL-Überzeugungstechnik ®,"Hauptmann-Hoffmann-Straße 25, 76891 Erlenbach bei Dahn, Deutschland",Deutschland
239716,ChIJSXhqzijmbBkRXecyfDkJXC0,-12.8054705,28.239582,Copperbelt-Universität,"Jambo Dr, Kitwe, Sambia",Sambia
218329,ChIJyQ0VgBPHixARzl3n0_vrHbc,3.9637335,11.5866291,Universität Yaoundé II,"Soa, Kamerun",Kamerun
257942,ChIJCWqVOWyU2w8RXwGYsKKMhmc,6.674688,-1.571728,Kwame Nkrumah University of Science and Technology,"Kwame Nkrumah University of Science and Technology, Kumasi, Ghana",Ghana
252868,ChIJQe1GkL05jkcRZqPBJdo9Gr0,46.9527378,7.435243199999999,Geographisches Institut,"Hallerstrasse 12, 3012 Bern, Schweiz",Schweiz
229553,ChIJMQKj8wC5kUcRjBRGaJHolw0,47.55592780000001,7.577431699999999,Schweizerisches Tropen- und Public Health-Institut,"Socinstrasse 57, 4051 Basel, Schweiz",Schweiz
241077,ChIJRX9l_X2c3w8R4lGpdqQrskI,5.651063199999999,-0.1874492,Department Of Economics,"Accra, Ghana",Ghana
242484,ChIJYTDEDlwLkEcRgS-Y0rJWVk8,47.38181489999999,8.535326099999999,zfghnhgr23,"8000 Bern, Schweiz",Schweiz
246705,ChIJL5b3JTKyVxgRThY8MUscT60,-8.1461592,36.6829205,Ifakara Health Institute,"Off Mlabani Passage, P. O. Box 53, Ifakara, Tansania",Tansania
244611,ChIJXdRAhdV6jEcR1uCJ8Xblpc0,46.1946822,6.139558,Geneva School of Economics and Management (GSEM),"Uni Mail, Boulevard du Pont d'Arve 40, 1205 Genève, Schweiz",Schweiz
247340,ChIJ5xcx0eGjRBARAfXSipnjxkk,6.438167,7.506223200000001,Women's International League For Peace and Freedom Nigeria,"2 Chaka Cres, Ogui, Enugu, Nigeria",Nigeria
254738,ChIJsxOziaihmkcRJ_Rm4i2SByk,47.402242,8.612047,Empa,"Ueberlandstrasse 129, 8600 Dübendorf, Schweiz",Schweiz
233922,ChIJ70OV94HswQ8RLEA3OjMOlR0,5.3470499,-3.985291599999999,Universität Félix Houphouët-Boigny,"Abidjan, Côte d’Ivoire",NA
249556,ChIJ-WfqF0i-Lg4RCv2Salx-RHs,12.3787928,-1.4996863,Université de Ouagadougou,"03 BP 7021, Ouagadougou, Burkina Faso",NA
249670,ChIJm7DDM8CTll0R9VoKKag-09I,47.886605,106.909373,Mongolian University of Life Sciences,"Khoroo 11, Ulaanbaatar, Ulaanbaatar 17024, Mongolei",Mongolei
242661,ChIJG4ExhZDEaS4RpchmvndiPOA,-6.552355599999999,106.7529327,CIFOR (Center for International Forestry Research),"Jl. Raya Cifor, RT.03/RW.05, Situgede, Kec. Bogor Bar., Kota Bogor, Jawa Barat 16115, Indonesien",Indonesien
244372,ChIJUw2NiEIX6zkRKNBREdMbyMo,27.6474505,85.3350834,Kathmandu University School of Education,"Lalitpur 44700, Nepal",Nepal
255441,ChIJx0fnko4VLxgRncmaTvkKnFA,-1.221918,36.896648,ICIPE - International Centre of Insect Physiology and Ecology,"Nairobi City, Kenia",Kenia
249557,ChIJT0w05HXiIxAR0jR8YOmCT2M,6.177378999999999,1.2130227,University of Lomé,"01BP1515, Lomé, Togo",Togo
249632,ChIJb19HkamjiYUR8HVUR-FC7T0,14.603762,-90.48924799999999,Universidad del Valle de Guatemala,"18 Avenida 11-95 Guatemala, 01015, Guatemala",Guatemala
3081,ChIJSwS48CxljEcRnc4LhiRp-g8,46.1995028,6.147708700000001,Institut européen de l'Université de Genève,"Rue Jean-Daniel-Colladon 2, 1204 Genève, Schweiz",Schweiz
249687,ChIJD04gR0g5UDIREm7UOT-qKQ0,6.993070299999999,121.9278969,Philippine Coconut Authority - Zamboanga Research Center,"San Ramon, Zamboanga City, Zamboanga del Sur, Philippinen",Philippinen
253616,ChIJ3yKsR1FkjEcRIpuYmmtbIq0,46.199444,6.1451157,Université de Genève,"1205 Geneva, Schweiz",Schweiz
249681,ChIJG9Z0Cwlp04gRzv4q4MKDz3I,22.818856,-81.0136399,Estación Experimental de Pastos y Forrajes Indio Hatuey,"Central España Republicana, CP 44280, Kuba",Kuba
249703,ChIJhwQTvUqD0ogRQPgq2I_TqXg,22.9984812,-82.14880939999999,Agrarian University of Havana,Kuba,NA
255710,ChIJ0ynowZKeBZER5ZfLRStoQNA,-12.0239773,-77.0565049,Universidad Peruana Cayetano Heredia,"Av. Honorio Delgado 430, San Martín de Porres 15102, Peru",Peru
245872,ChIJ6UnKV9Lm9WgRJ1OLJ3K7aDA,-5.2326616,145.7936061,Modilon General Hospital,"Modilon Rd, Madang, Papua-Neuguinea",NA
255672,ChIJ39CW17K5kUcRn6r5WS_KklA,47.5539357,7.595189099999999,Basel Area Business & Innovation,"Dufourstrasse 11, 4010 Basel, Schweiz",Schweiz
230503,ChIJ_ce3EJVzWGgRW-GdXqHN32A,-6.080174599999999,145.3827238,PNG Institute of Medical Research,"Homate Street, Goroka, Papua-Neuguinea",NA
247343,ChIJszWw5zpwVwERcnRSxXAhxR8,-23.5592595,-46.6538541,FGV EAESP - Center of Excellence in Retail (GVcev),"Av. 9 de julho, 2029 Edifício John F. Kennedy - Bela Vista, São Paulo - SP, 01313-902, Brasilien",Brasilien
240700,ChIJ2emhDSIKjkcReKPo2lQ3bW0,46.9983213,6.9408856,Haute école de gestion Arc (HEG Arc),"Espace de l'Europe 21, 2000 Neuchâtel, Schweiz",Schweiz
255125,ChIJJ5vlO-JkjEcRuRHZyflX0XU,46.2209088,6.1436432,Hochschulinstitut für internationale Studien und Entwicklung,"Chemin Eugène-Rigot 2A, 1202 Genève, Schweiz",Schweiz
249671,ChIJ7e5lfySTll0R1pM-6Zi6o4c,47.9072109,106.8535115,"National Renewable Energy Center, Mongolia, NREC, Сэргээгдэх эрчим хүчний үндэсний төв","Ulaanbaatar, Mongolei",Mongolei
220082,ChIJP6Ls3f0wjEcRcrKTf6s0zLs,46.5190557,6.5667576,École Polytechnique Fédérale de Lausanne,"Route Cantonale, 1015 Lausanne, Schweiz",Schweiz
245029,ChIJne710ma3lzMR_d-j8c9NmpY,14.6559877,121.0733533,UP School of Economics,"168 Osmeña Avenue, Diliman, Quezon City, Metro Manila, Philippinen",Philippinen
239717,ChIJXXKMG0pYei4RgZur9rT0O5k,-7.774246000000001,110.372984,Center for Security and Peace Studies,"Universitas Gadjah Mada, JL. Sekip, No. K-9, Blimbing Sari, Caturtunggal, Kec. Depok, Kabupaten Sleman, Daerah Istimewa Yogyakarta 55281, Indonesien",Indonesien
244468,ChIJ14Om7sG4VTcRlzsXuPwWQZc,23.7345094,90.39430349999999,Department of Economics,"2nd Floor, Social Science Building, Dhaka, Bangladesch",Bangladesch
240198,ChIJJ2XcUAx-8CERqFqf9H93F5U,-18.9181216,47.5206647,Institut National de la Statistique,"Antananarivo, Madagaskar",Madagaskar
249581,ChIJt35a54h98CERPMREKzyK8Lw,-18.914032,47.55181169999999,Université d’Antananarivo,"Présidence de l'Université d'Antananarivo: BP 566 Antananarivo, 101, Madagaskar",Madagaskar
99008,ChIJL9-YaGKH8CER-YO5ix32mr4,-18.9098905,47.555881,Ecole Supérieure des Sciences Agronomiques,"Antananarivo, Madagaskar",Madagaskar
241078,ChIJeZ5x_rU9lR4RuvhwvtOyY50,-26.1928836,28.0304733,Witwatersrand-Universität,"1 Jan Smuts Ave, Braamfontein, Johannesburg, 2000, Südafrika",Sudafrika
243806,ChIJJ5YaOGxZ4joRlXG7MMpAgKw,6.915341,79.85988239999999,Institute For Health Policy,"Colombo 00700, Sri Lanka",NA
232184,ChIJ_f0iT9ZgwUcR3hLa7n9k6Tk,50.87759500000001,4.706050299999999,LINC - Instituut Criminologie,"Herbert Hooverplein 10, 3000 Leuven, Belgien",Belgien
254198,ChIJd62qV20Y6zkR4NsPacjTGWo,27.6812901,85.2827531,"Department of Economics, Tribhuvan University, Nepal","Kirtipur 44600, Nepal",Nepal
218520,ChIJSSfrsHl-8CER37AJx5diMIM,-18.9330468,47.5245536,Centre National de Recherches sur l'Environnement,"Rasoanaivo Cherles, Antananarivo, Madagaskar",Madagaskar
256297,ChIJZaArBQoKkEcRFgaMQmuibZw,47.381712,8.544163,"Department of Management, Technology, and Economics, ETH Zurich","Weinbergstrasse 56/58, 8006 Zürich, Schweiz",Schweiz
229363,ChIJJ5vlO-JkjEcRuRHZyflX0XU,46.2209088,6.1436432,Hochschulinstitut für internationale Studien und Entwicklung,"Chemin Eugène-Rigot 2A, 1202 Genève, Schweiz",Schweiz
231915,ChIJYyw38fGvmkcRC2UypuC_73E,47.2163458,8.6824301,"ZHAW Gärten im Grüental, School of Life Sciences and Facility Management","Grüentalstrasse, 8820 Wädenswil, Schweiz",Schweiz
259082,ChIJc_FIqhSVRhgRdNg4iUXuVRs,-4.7898681,38.2952562,Lushoto Silviculture Research Centre (LSRC),"Lushoto, Tansania",Tansania
243035,ChIJd7jXr0SaP44Rs1TXDqhi--s,4.6544631,-74.059654,WWF Colombia,"Cra. 10a ## 69 A - 44, Bogotá, Kolumbien",Kolumbien
249682,ChIJS7XqYcmc0ogRyMNQUBvYUKQ,22.9913232,-82.15342509999999,National Center for Animal and Plant Health,"Autopista Nacional 23km 1/2, Carretera, San José de las Lajas, Kuba",Kuba
48278,ChIJ94xuUaagmkcRB3Y3tij0YUs,47.37638889999999,8.547628,Eidgenössische Technische Hochschule Zürich,"Rämistrasse 101, 8092 Zürich, Schweiz",Schweiz
242668,ChIJuSFriDermkcRTTx7lfjdf14,47.186779,8.49644,ALLCOT AG,"Steinhauserstrasse 74, 6300 Zug, Schweiz",Schweiz
249633,ChIJpYNUm1fOBZERcqmSGdSm2xo,-11.9952316,-77.06708619999999,Universidad Católica Sedes Sapientiae,"Manuel Gonzales Prada 398, Los Olivos 15301, Peru",Peru
239715,ChIJDQTTkTyhiYURAkZ03RAIHsQ,14.5873005,-90.55336129999999,Universidad de San Carlos de Guatemala,"11 Avenida, Cdad. de Guatemala 01012, Guatemala",Guatemala
242873,ChIJMQKj8wC5kUcRjBRGaJHolw0,47.55592780000001,7.577431699999999,Schweizerisches Tropen- und Public Health-Institut,"Socinstrasse 57, 4051 Basel, Schweiz",Schweiz
244410,ChIJCQAAu0U2xhgR5zUiXVITy2M,-15.1166707,39.2081565,Universidade Lúrio,Mosambik,NA
214935,ChIJsW8cD7qe4jARvCNLEXZx97c,13.766465,100.533688,Hospital for Tropical Diseases,"420/6 Ratchawithi Rd, Thung Phaya Thai, Ratchathewi, Bangkok 10400, Thailand",Thailand
32840,ChIJ7wS2_6agmkcRxyVCdvewGko,47.3786553,8.547169799999999,Departement Erdwissenschaften,"Sonneggstrasse 5, 8092 Zürich, Schweiz",Schweiz
246229,ChIJV2J9KrZHkEcRH1IKjqoKSH4,47.516939,8.025083,FiBL - Forschungsinstitut für biologischen Landbau,"Ackerstrasse 113, 5070 Frick, Schweiz",Schweiz
7411,ChIJO9PnfKwxjEcRiY_qC9G2eok,46.5223323,6.584319600000001,HEC Lausanne,"Quartier de Chambronne, Internef 261, 1015 Lausanne, Schweiz",Schweiz
239634,ChIJ94xuUaagmkcRB3Y3tij0YUs,47.37638889999999,8.547628,Eidgenössische Technische Hochschule Zürich,"Rämistrasse 101, 8092 Zürich, Schweiz",Schweiz
139587,ChIJFfpEg90ejkcRjjSH_fhkqCg,47.1586997,7.2762495,"Berner Fachhochschule BFH, Architektur, Holz und Bau","Solothurnstrasse 102, 2500 Biel, Schweiz",Schweiz
249487,ChIJl4S10ADejkcRljrxqsQIidk,46.2736212,7.385136499999999,Ithaka Institut,"Rue de l'Ancienne Eglise 9, 1974 Arbaz, Schweiz",Schweiz
6684,ChIJGzIpeYMKkEcRtgNniKyn8bo,47.4132178,8.548773599999999,Institut für Sozialanthropologie und Empirische Kulturwissenschaft,"Andreasstrasse 15, 8050 Zürich, Schweiz",Schweiz
247315,ChIJa5mR9QjG5zsRPOAO8OK322k,19.0446964,72.91248399999999,Tata Institute of Social Sciences,"VN Purav Marg, Deonar, Chembur, Mumbai, Maharashtra 400088, Indien",Indien
249796,ChIJN0ocQYlRCTERDvvQD0FZTKo,11.5576735,104.9371455,Thai Boon Roong Twin Tower World Trade Center,"Unnamed Road, Phnom Penh, Kambodscha",Kambodscha
245878,ChIJRzKe1Aby3zgRxZL6P9lzacM,33.5192819,73.1775169,Institute of Space Technology,"Toll Plaza، 1 Islamabad Highway Near Rawat، Sector H DHA Phase II, Islamabad, Islamabad Capital Territory 44000, Pakistan",Pakistan
245509,ChIJp1NwgyTcjkcRyy0R3xVAkIA,46.2267984,7.3612921,EPFL Valais,"Rue de l'Industrie 17, 1950 Sion, Schweiz",Schweiz
249588,ChIJGRkbSrz0QBkREVbTZ9jZLO0,-15.4091224,28.3196763,CIDRZ Head Office Zambia,"CIDRZ Head Office,, Lusaka, Sambia",Sambia
243804,ChIJ3xeTeXQeDTkRBnfEX76z9mI,28.5214425,77.1680238,Child Health Foundation,"SPYM Centre,111/9, Vasant Kunj, opp. Sector B4, New Delhi, Delhi 110070, Indien",Indien
239730,ChIJq6rqH_nWNg4RRctJu9grbkw,12.7285324,-3.8590852,Nouna Health Research Center,"Rue Namory Kéita, Nouna, Burkina Faso",NA
247197,ChIJ94xuUaagmkcRB3Y3tij0YUs,47.37638889999999,8.547628,Eidgenössische Technische Hochschule Zürich,"Rämistrasse 101, 8092 Zürich, Schweiz",Schweiz
228591,ChIJMQKj8wC5kUcRjBRGaJHolw0,47.55592780000001,7.577431699999999,Schweizerisches Tropen- und Public Health-Institut,"Socinstrasse 57, 4051 Basel, Schweiz",Schweiz
246127,ChIJJ5vlO-JkjEcRuRHZyflX0XU,46.2209088,6.1436432,Hochschulinstitut für internationale Studien und Entwicklung,"Chemin Eugène-Rigot 2A, 1202 Genève, Schweiz",Schweiz
241624,ChIJaSgoy8T9NA4RfbumelH_8g8,11.1816785,-4.363765799999999,INSTITUT SUPERIEUR DES SCIENCES DE LA SANTE (IN.S.SA),"Bobo-Dioulasso, Burkina Faso",NA
231018,ChIJUdaPx3CZmkcRyrYw9-bnp_k,47.4998714,8.7203021,ZHAW Zürcher Hochschule für Angewandte Wissenschaften,"Gertrudstrasse 15, 8400 Winterthur, Schweiz",Schweiz
253770,ChIJZaArBQoKkEcRFgaMQmuibZw,47.381712,8.544163,"Department of Management, Technology, and Economics, ETH Zurich","Weinbergstrasse 56/58, 8006 Zürich, Schweiz",Schweiz
240683,ChIJV2J9KrZHkEcRH1IKjqoKSH4,47.516939,8.025083,FiBL - Forschungsinstitut für biologischen Landbau,"Ackerstrasse 113, 5070 Frick, Schweiz",Schweiz
253594,ChIJs8zWSTQ5jkcRueqyDSJQzzE,46.953556,7.4402212,Forschungsstelle Digitale Nachhaltigkeit,"Schützenmattstrasse 14, 3012 Bern, Schweiz",Schweiz
256806,ChIJwwabNpgthEcRCUtLfZifj2E,46.0107081,8.9581559,USI Università della Svizzera italiana,"Via Giuseppe Buffi 13, 6900 Lugano, Schweiz",Schweiz
255285,ChIJYetAahJU_joRoSC5wqyGX0Y,9.684889,80.0211626,University of Jaffna Faculty of Science யாழ்ப்பாண பல்கலைக்கழகம் விஞ்ஞான பீடம்,"Jaffna 40000, Sri Lanka",NA
212598,ChIJMXhdZGMujEcRXOTHw742qMk,46.5426916,6.6641675,Département de biochimie,"Département de biochimie, 1066 Epalinges, Schweiz",Schweiz
256886,ChIJWYBsXtXswTARCLcvvATeDew,16.8185116,96.1952673,"Great Golden Glory Co.,Ltd.","23rd Quarter, Khayapin Street, Thuwunna Yangon MM 11072, Thuwunna Bridge, Yangon, Myanmar",Myanmar
240201,ChIJCflhUV2rNTER4yviDFCvr00,21.023033,105.805437,Foreign Trade University,"91 Chùa Láng, Láng Thượng, Đống Đa, Hà Nội, Vietnam",Vietnam
239643,ChIJL3fIyeAoRI4RKy6b5uznzBA,6.2677479,-75.5688416,Universidad de Antioquia,"Cl. 67 ##53-108, Medellín, Antioquia, Kolumbien",Kolumbien
246690,ChIJI0LSMS2hQTERUicqybhtD4Q,16.4775051,107.5728643,Hue University of Agriculture and Forestry,"102 Phùng Hưng, Thuận Thành, Thành phố Huế, Thừa Thiên Huế, Vietnam",Vietnam
246778,ChIJmxuPRYac3w8RSaXx1bUnRio,5.6544922,-0.1844072,"Institute of Statistical, Social and Economic Research(ISSER)","P.O BoX LG 74 legon- Accra, Botanical Gardens Rd, Accra, Ghana",Ghana
239617,ChIJ9SaEW01Yei4RHbmWmkquUHo,-7.7648806,110.3774899,Indonesian Consortium for Religious Studies (ICRS),"Gedung Pasca Sarjana UGM, 3rd - 4th Floor, JL. Teknika Utara, Pogung, Kocoran, Caturtunggal, Kec. Depok, Kabupaten Sleman, Daerah Istimewa Yogyakarta 55281, Indonesien",Indonesien
5945,ChIJXdRAhdV6jEcR1uCJ8Xblpc0,46.1946822,6.139558,Geneva School of Economics and Management (GSEM),"Uni Mail, Boulevard du Pont d'Arve 40, 1205 Genève, Schweiz",Schweiz
239665,ChIJq6qqqt5o4zoR-0ctKIhrR7U,7.254942199999999,80.59739019999999,University of Peradeniya,"Galaha Rd, 20400, Sri Lanka",NA
256147,ChIJib40xPojAzERRpTd1sXk__c,13.0020925,101.4435544,Vidyasirimedhi Institute of Science and Technology,"555 หมู่ 1, Pa Yup Nai, Wang Chan District, Rayong 21210, Thailand",Thailand
242775,ChIJEZJ7CWiyzR0RE_cTZU_SNvA,-33.9321854,18.8633889,University of Stellenbosch - Department of Botany & Zoology,"Natural Sciences, Merriman Ave, Stellenbosch Central, Stellenbosch, 7600, Südafrika",Sudafrika
191,ChIJae1-lc16jEcR5VaQnlVvHlg,46.1935501,6.1512121,Medical School,"Rue Michel-Servet 1, 1206 Genève, Schweiz",Schweiz
224425,ChIJ94xuUaagmkcRB3Y3tij0YUs,47.37638889999999,8.547628,Eidgenössische Technische Hochschule Zürich,"Rämistrasse 101, 8092 Zürich, Schweiz",Schweiz
139779,ChIJSUMX2QkKkEcRwTBq0x1Q128,47.37808500000001,8.5461077,ETH Zürich KOF,"Leonhardstrasse 21, 8092 Zürich, Schweiz",Schweiz
241649,ChIJE7H1jb4XLxgRCMxFCwRKhaM,-1.2513672,36.8187484,CABI Africa,"673 Canary Bird, Limuru Rd, Nairobi, Kenia",Kenia
239765,ChIJ70OV94HswQ8RLEA3OjMOlR0,5.3470499,-3.985291599999999,Universität Félix Houphouët-Boigny,"Abidjan, Côte d’Ivoire",NA
1743,ChIJsxOziaihmkcRJ_Rm4i2SByk,47.402242,8.612047,Empa,"Ueberlandstrasse 129, 8600 Dübendorf, Schweiz",Schweiz
254529,ChIJM2o3ebBOzDERnVuu0RJhItk,3.0649648,101.6009742,Monash University Malaysia,"Jalan Lagoon Selatan, Bandar Sunway, 47500 Subang Jaya, Selangor, Malaysia",Malaysia
243072,ChIJnYLTiQ8KkEcRDo9YMzYKgrg,47.3742017,8.5228736,Quantis,"Badenerstrasse 141, 8004 Zürich, Schweiz",Schweiz
1447,ChIJ254lmLw5jkcRizYCYBshS9A,46.949211,7.432405999999999,Schweizerischer Nationalfonds SNF,"Wildhainweg 3, 3001 Bern, Schweiz",Schweiz
